/*
SQLyog v10.2 
MySQL - 5.6.27-log : Database - onlinestudydb
*********************************************************************
*/

/*!40101 SET NAMES utf8 */;

/*!40101 SET SQL_MODE=''*/;

/*!40014 SET @OLD_UNIQUE_CHECKS=@@UNIQUE_CHECKS, UNIQUE_CHECKS=0 */;
/*!40014 SET @OLD_FOREIGN_KEY_CHECKS=@@FOREIGN_KEY_CHECKS, FOREIGN_KEY_CHECKS=0 */;
/*!40101 SET @OLD_SQL_MODE=@@SQL_MODE, SQL_MODE='NO_AUTO_VALUE_ON_ZERO' */;
/*!40111 SET @OLD_SQL_NOTES=@@SQL_NOTES, SQL_NOTES=0 */;
CREATE DATABASE /*!32312 IF NOT EXISTS*/`onlinestudydb` /*!40100 DEFAULT CHARACTER SET utf8 */;

USE `onlinestudydb`;

/*Table structure for table `tbl_objectquestion` */

DROP TABLE IF EXISTS `tbl_objectquestion`;

CREATE TABLE `tbl_objectquestion` (
  `questionID` int(15) unsigned NOT NULL AUTO_INCREMENT,
  `questionContent` varchar(300) NOT NULL,
  `answer1` varchar(300) DEFAULT NULL,
  `answer2` varchar(300) DEFAULT NULL,
  `answer3` varchar(300) DEFAULT NULL,
  `answer4` varchar(300) DEFAULT NULL,
  `trueAnswer` tinyint(2) NOT NULL DEFAULT '1',
  `questionAnalyze` varchar(300) DEFAULT NULL,
  `score` int(5) unsigned NOT NULL DEFAULT '1',
  `questionSpaceID` int(15) unsigned NOT NULL,
  PRIMARY KEY (`questionID`)
) ENGINE=InnoDB AUTO_INCREMENT=10 DEFAULT CHARSET=utf8;

/*Data for the table `tbl_objectquestion` */

insert  into `tbl_objectquestion`(`questionID`,`questionContent`,`answer1`,`answer2`,`answer3`,`answer4`,`trueAnswer`,`questionAnalyze`,`score`,`questionSpaceID`) values (9,'1+1','1','2','3','4',2,'1+1=2',90,8);

/*Table structure for table `tbl_student` */

DROP TABLE IF EXISTS `tbl_student`;

CREATE TABLE `tbl_student` (
  `studentID` int(15) unsigned NOT NULL AUTO_INCREMENT,
  `studentEmail` varchar(50) NOT NULL,
  `studentPassword` varchar(50) NOT NULL,
  `studentName` varchar(50) DEFAULT NULL,
  `studentGender` tinyint(1) DEFAULT '0',
  PRIMARY KEY (`studentID`,`studentEmail`),
  UNIQUE KEY `Unique` (`studentEmail`)
) ENGINE=InnoDB AUTO_INCREMENT=2046 DEFAULT CHARSET=utf8;

/*Data for the table `tbl_student` */

insert  into `tbl_student`(`studentID`,`studentEmail`,`studentPassword`,`studentName`,`studentGender`) values (1,'yytwz96@163.com','root123','杨越童',0),(2,'123@123.com','123','亚麻跌',0),(3,'1223@123.com','123','亚麻跌',0),(4,'mike@163.com','123456','王尼玛',1),(5,'20142155','123','亚麻跌',0),(6,'0@163.com','123456','逗逼',1),(7,'1@163.com','123456','逗逼',1),(8,'2@163.com','123456','逗逼',1),(9,'3@163.com','123456','逗逼',1),(10,'4@163.com','123456','逗逼',1),(11,'5@163.com','123456','逗逼',1),(12,'6@163.com','123456','逗逼',1),(13,'7@163.com','123456','逗逼',1),(14,'8@163.com','123456','逗逼',1),(15,'9@163.com','123456','逗逼',1),(16,'10@163.com','123456','逗逼',1),(17,'11@163.com','123456','逗逼',1),(18,'12@163.com','123456','逗逼',1),(19,'13@163.com','123456','逗逼',1),(20,'14@163.com','123456','逗逼',1),(21,'15@163.com','123456','逗逼',1),(22,'16@163.com','123456','逗逼',1),(23,'17@163.com','123456','逗逼',1),(24,'18@163.com','123456','逗逼',1),(25,'19@163.com','123456','逗逼',1),(26,'20@163.com','123456','逗逼',1),(27,'21@163.com','123456','逗逼',1),(28,'22@163.com','123456','逗逼',1),(29,'23@163.com','123456','逗逼',1),(30,'24@163.com','123456','逗逼',1),(31,'25@163.com','123456','逗逼',1),(32,'26@163.com','123456','逗逼',1),(33,'27@163.com','123456','逗逼',1),(34,'28@163.com','123456','逗逼',1),(35,'29@163.com','123456','逗逼',1),(36,'30@163.com','123456','逗逼',1),(37,'31@163.com','123456','逗逼',1),(38,'32@163.com','123456','逗逼',1),(39,'33@163.com','123456','逗逼',1),(40,'34@163.com','123456','逗逼',1),(41,'35@163.com','123456','逗逼',1),(42,'36@163.com','123456','逗逼',1),(43,'37@163.com','123456','逗逼',1),(44,'38@163.com','123456','逗逼',1),(45,'39@163.com','123456','逗逼',1),(46,'40@163.com','123456','逗逼',1),(47,'41@163.com','123456','逗逼',1),(48,'42@163.com','123456','逗逼',1),(49,'43@163.com','123456','逗逼',1),(50,'44@163.com','123456','逗逼',1),(51,'45@163.com','123456','逗逼',1),(52,'46@163.com','123456','逗逼',1),(53,'47@163.com','123456','逗逼',1),(54,'48@163.com','123456','逗逼',1),(55,'49@163.com','123456','逗逼',1),(56,'50@163.com','123456','逗逼',1),(57,'51@163.com','123456','逗逼',1),(58,'52@163.com','123456','逗逼',1),(59,'53@163.com','123456','逗逼',1),(60,'54@163.com','123456','逗逼',1),(61,'55@163.com','123456','逗逼',1),(62,'56@163.com','123456','逗逼',1),(63,'57@163.com','123456','逗逼',1),(64,'58@163.com','123456','逗逼',1),(65,'59@163.com','123456','逗逼',1),(66,'60@163.com','123456','逗逼',1),(67,'61@163.com','123456','逗逼',1),(68,'62@163.com','123456','逗逼',1),(69,'63@163.com','123456','逗逼',1),(70,'64@163.com','123456','逗逼',1),(71,'65@163.com','123456','逗逼',1),(72,'66@163.com','123456','逗逼',1),(73,'67@163.com','123456','逗逼',1),(74,'68@163.com','123456','逗逼',1),(75,'69@163.com','123456','逗逼',1),(76,'70@163.com','123456','逗逼',1),(77,'71@163.com','123456','逗逼',1),(78,'72@163.com','123456','逗逼',1),(79,'73@163.com','123456','逗逼',1),(80,'74@163.com','123456','逗逼',1),(81,'75@163.com','123456','逗逼',1),(82,'76@163.com','123456','逗逼',1),(83,'77@163.com','123456','逗逼',1),(84,'78@163.com','123456','逗逼',1),(85,'79@163.com','123456','逗逼',1),(86,'80@163.com','123456','逗逼',1),(87,'81@163.com','123456','逗逼',1),(88,'82@163.com','123456','逗逼',1),(89,'83@163.com','123456','逗逼',1),(90,'84@163.com','123456','逗逼',1),(91,'85@163.com','123456','逗逼',1),(92,'86@163.com','123456','逗逼',1),(93,'87@163.com','123456','逗逼',1),(94,'88@163.com','123456','逗逼',1),(95,'89@163.com','123456','逗逼',1),(96,'90@163.com','123456','逗逼',1),(97,'91@163.com','123456','逗逼',1),(98,'92@163.com','123456','逗逼',1),(99,'93@163.com','123456','逗逼',1),(100,'94@163.com','123456','逗逼',1),(101,'95@163.com','123456','逗逼',1),(102,'96@163.com','123456','逗逼',1),(103,'97@163.com','123456','逗逼',1),(104,'98@163.com','123456','逗逼',1),(105,'99@163.com','123456','逗逼',1),(106,'100@163.com','123456','逗逼',1),(107,'101@163.com','123456','逗逼',1),(108,'102@163.com','123456','逗逼',1),(109,'103@163.com','123456','逗逼',1),(110,'104@163.com','123456','逗逼',1),(111,'105@163.com','123456','逗逼',1),(112,'106@163.com','123456','逗逼',1),(113,'107@163.com','123456','逗逼',1),(114,'108@163.com','123456','逗逼',1),(115,'109@163.com','123456','逗逼',1),(116,'110@163.com','123456','逗逼',1),(117,'111@163.com','123456','逗逼',1),(118,'112@163.com','123456','逗逼',1),(119,'113@163.com','123456','逗逼',1),(120,'114@163.com','123456','逗逼',1),(121,'115@163.com','123456','逗逼',1),(122,'116@163.com','123456','逗逼',1),(123,'117@163.com','123456','逗逼',1),(124,'118@163.com','123456','逗逼',1),(125,'119@163.com','123456','逗逼',1),(126,'120@163.com','123456','逗逼',1),(127,'121@163.com','123456','逗逼',1),(128,'122@163.com','123456','逗逼',1),(129,'123@163.com','123456','逗逼',1),(130,'124@163.com','123456','逗逼',1),(131,'125@163.com','123456','逗逼',1),(132,'126@163.com','123456','逗逼',1),(133,'127@163.com','123456','逗逼',1),(134,'128@163.com','123456','逗逼',1),(135,'129@163.com','123456','逗逼',1),(136,'130@163.com','123456','逗逼',1),(137,'131@163.com','123456','逗逼',1),(138,'132@163.com','123456','逗逼',1),(139,'133@163.com','123456','逗逼',1),(140,'134@163.com','123456','逗逼',1),(141,'135@163.com','123456','逗逼',1),(142,'136@163.com','123456','逗逼',1),(143,'137@163.com','123456','逗逼',1),(144,'138@163.com','123456','逗逼',1),(145,'139@163.com','123456','逗逼',1),(146,'140@163.com','123456','逗逼',1),(147,'141@163.com','123456','逗逼',1),(148,'142@163.com','123456','逗逼',1),(149,'143@163.com','123456','逗逼',1),(150,'144@163.com','123456','逗逼',1),(151,'145@163.com','123456','逗逼',1),(152,'146@163.com','123456','逗逼',1),(153,'147@163.com','123456','逗逼',1),(154,'148@163.com','123456','逗逼',1),(155,'149@163.com','123456','逗逼',1),(156,'150@163.com','123456','逗逼',1),(157,'151@163.com','123456','逗逼',1),(158,'152@163.com','123456','逗逼',1),(159,'153@163.com','123456','逗逼',1),(160,'154@163.com','123456','逗逼',1),(161,'155@163.com','123456','逗逼',1),(162,'156@163.com','123456','逗逼',1),(163,'157@163.com','123456','逗逼',1),(164,'158@163.com','123456','逗逼',1),(165,'159@163.com','123456','逗逼',1),(166,'160@163.com','123456','逗逼',1),(167,'161@163.com','123456','逗逼',1),(168,'162@163.com','123456','逗逼',1),(169,'163@163.com','123456','逗逼',1),(170,'164@163.com','123456','逗逼',1),(171,'165@163.com','123456','逗逼',1),(172,'166@163.com','123456','逗逼',1),(173,'167@163.com','123456','逗逼',1),(174,'168@163.com','123456','逗逼',1),(175,'169@163.com','123456','逗逼',1),(176,'170@163.com','123456','逗逼',1),(177,'171@163.com','123456','逗逼',1),(178,'172@163.com','123456','逗逼',1),(179,'173@163.com','123456','逗逼',1),(180,'174@163.com','123456','逗逼',1),(181,'175@163.com','123456','逗逼',1),(182,'176@163.com','123456','逗逼',1),(183,'177@163.com','123456','逗逼',1),(184,'178@163.com','123456','逗逼',1),(185,'179@163.com','123456','逗逼',1),(186,'180@163.com','123456','逗逼',1),(187,'181@163.com','123456','逗逼',1),(188,'182@163.com','123456','逗逼',1),(189,'183@163.com','123456','逗逼',1),(190,'184@163.com','123456','逗逼',1),(191,'185@163.com','123456','逗逼',1),(192,'186@163.com','123456','逗逼',1),(193,'187@163.com','123456','逗逼',1),(194,'188@163.com','123456','逗逼',1),(195,'189@163.com','123456','逗逼',1),(196,'190@163.com','123456','逗逼',1),(197,'191@163.com','123456','逗逼',1),(198,'192@163.com','123456','逗逼',1),(199,'193@163.com','123456','逗逼',1),(200,'194@163.com','123456','逗逼',1),(201,'195@163.com','123456','逗逼',1),(202,'196@163.com','123456','逗逼',1),(203,'197@163.com','123456','逗逼',1),(204,'198@163.com','123456','逗逼',1),(205,'199@163.com','123456','逗逼',1),(206,'200@163.com','123456','逗逼',1),(207,'201@163.com','123456','逗逼',1),(208,'202@163.com','123456','逗逼',1),(209,'203@163.com','123456','逗逼',1),(210,'204@163.com','123456','逗逼',1),(211,'205@163.com','123456','逗逼',1),(212,'206@163.com','123456','逗逼',1),(213,'207@163.com','123456','逗逼',1),(214,'208@163.com','123456','逗逼',1),(215,'209@163.com','123456','逗逼',1),(216,'210@163.com','123456','逗逼',1),(217,'211@163.com','123456','逗逼',1),(218,'212@163.com','123456','逗逼',1),(219,'213@163.com','123456','逗逼',1),(220,'214@163.com','123456','逗逼',1),(221,'215@163.com','123456','逗逼',1),(222,'216@163.com','123456','逗逼',1),(223,'217@163.com','123456','逗逼',1),(224,'218@163.com','123456','逗逼',1),(225,'219@163.com','123456','逗逼',1),(226,'220@163.com','123456','逗逼',1),(227,'221@163.com','123456','逗逼',1),(228,'222@163.com','123456','逗逼',1),(229,'223@163.com','123456','逗逼',1),(230,'224@163.com','123456','逗逼',1),(231,'225@163.com','123456','逗逼',1),(232,'226@163.com','123456','逗逼',1),(233,'227@163.com','123456','逗逼',1),(234,'228@163.com','123456','逗逼',1),(235,'229@163.com','123456','逗逼',1),(236,'230@163.com','123456','逗逼',1),(237,'231@163.com','123456','逗逼',1),(238,'232@163.com','123456','逗逼',1),(239,'233@163.com','123456','逗逼',1),(240,'234@163.com','123456','逗逼',1),(241,'235@163.com','123456','逗逼',1),(242,'236@163.com','123456','逗逼',1),(243,'237@163.com','123456','逗逼',1),(244,'238@163.com','123456','逗逼',1),(245,'239@163.com','123456','逗逼',1),(246,'240@163.com','123456','逗逼',1),(247,'241@163.com','123456','逗逼',1),(248,'242@163.com','123456','逗逼',1),(249,'243@163.com','123456','逗逼',1),(250,'244@163.com','123456','逗逼',1),(251,'245@163.com','123456','逗逼',1),(252,'246@163.com','123456','逗逼',1),(253,'247@163.com','123456','逗逼',1),(254,'248@163.com','123456','逗逼',1),(255,'249@163.com','123456','逗逼',1),(256,'250@163.com','123456','逗逼',1),(257,'251@163.com','123456','逗逼',1),(258,'252@163.com','123456','逗逼',1),(259,'253@163.com','123456','逗逼',1),(260,'254@163.com','123456','逗逼',1),(261,'255@163.com','123456','逗逼',1),(262,'256@163.com','123456','逗逼',1),(263,'257@163.com','123456','逗逼',1),(264,'258@163.com','123456','逗逼',1),(265,'259@163.com','123456','逗逼',1),(266,'260@163.com','123456','逗逼',1),(267,'261@163.com','123456','逗逼',1),(268,'262@163.com','123456','逗逼',1),(269,'263@163.com','123456','逗逼',1),(270,'264@163.com','123456','逗逼',1),(271,'265@163.com','123456','逗逼',1),(272,'266@163.com','123456','逗逼',1),(273,'267@163.com','123456','逗逼',1),(274,'268@163.com','123456','逗逼',1),(275,'269@163.com','123456','逗逼',1),(276,'270@163.com','123456','逗逼',1),(277,'271@163.com','123456','逗逼',1),(278,'272@163.com','123456','逗逼',1),(279,'273@163.com','123456','逗逼',1),(280,'274@163.com','123456','逗逼',1),(281,'275@163.com','123456','逗逼',1),(282,'276@163.com','123456','逗逼',1),(283,'277@163.com','123456','逗逼',1),(284,'278@163.com','123456','逗逼',1),(285,'279@163.com','123456','逗逼',1),(286,'280@163.com','123456','逗逼',1),(287,'281@163.com','123456','逗逼',1),(288,'282@163.com','123456','逗逼',1),(289,'283@163.com','123456','逗逼',1),(290,'284@163.com','123456','逗逼',1),(291,'285@163.com','123456','逗逼',1),(292,'286@163.com','123456','逗逼',1),(293,'287@163.com','123456','逗逼',1),(294,'288@163.com','123456','逗逼',1),(295,'289@163.com','123456','逗逼',1),(296,'290@163.com','123456','逗逼',1),(297,'291@163.com','123456','逗逼',1),(298,'292@163.com','123456','逗逼',1),(299,'293@163.com','123456','逗逼',1),(300,'294@163.com','123456','逗逼',1),(301,'295@163.com','123456','逗逼',1),(302,'296@163.com','123456','逗逼',1),(303,'297@163.com','123456','逗逼',1),(304,'298@163.com','123456','逗逼',1),(305,'299@163.com','123456','逗逼',1),(306,'300@163.com','123456','逗逼',1),(307,'301@163.com','123456','逗逼',1),(308,'302@163.com','123456','逗逼',1),(309,'303@163.com','123456','逗逼',1),(310,'304@163.com','123456','逗逼',1),(311,'305@163.com','123456','逗逼',1),(312,'306@163.com','123456','逗逼',1),(313,'307@163.com','123456','逗逼',1),(314,'308@163.com','123456','逗逼',1),(315,'309@163.com','123456','逗逼',1),(316,'310@163.com','123456','逗逼',1),(317,'311@163.com','123456','逗逼',1),(318,'312@163.com','123456','逗逼',1),(319,'313@163.com','123456','逗逼',1),(320,'314@163.com','123456','逗逼',1),(321,'315@163.com','123456','逗逼',1),(322,'316@163.com','123456','逗逼',1),(323,'317@163.com','123456','逗逼',1),(324,'318@163.com','123456','逗逼',1),(325,'319@163.com','123456','逗逼',1),(326,'320@163.com','123456','逗逼',1),(327,'321@163.com','123456','逗逼',1),(328,'322@163.com','123456','逗逼',1),(329,'323@163.com','123456','逗逼',1),(330,'324@163.com','123456','逗逼',1),(331,'325@163.com','123456','逗逼',1),(332,'326@163.com','123456','逗逼',1),(333,'327@163.com','123456','逗逼',1),(334,'328@163.com','123456','逗逼',1),(335,'329@163.com','123456','逗逼',1),(336,'330@163.com','123456','逗逼',1),(337,'331@163.com','123456','逗逼',1),(338,'332@163.com','123456','逗逼',1),(339,'333@163.com','123456','逗逼',1),(340,'334@163.com','123456','逗逼',1),(341,'335@163.com','123456','逗逼',1),(342,'336@163.com','123456','逗逼',1),(343,'337@163.com','123456','逗逼',1),(344,'338@163.com','123456','逗逼',1),(345,'339@163.com','123456','逗逼',1),(346,'340@163.com','123456','逗逼',1),(347,'341@163.com','123456','逗逼',1),(348,'342@163.com','123456','逗逼',1),(349,'343@163.com','123456','逗逼',1),(350,'344@163.com','123456','逗逼',1),(351,'345@163.com','123456','逗逼',1),(352,'346@163.com','123456','逗逼',1),(353,'347@163.com','123456','逗逼',1),(354,'348@163.com','123456','逗逼',1),(355,'349@163.com','123456','逗逼',1),(356,'350@163.com','123456','逗逼',1),(357,'351@163.com','123456','逗逼',1),(358,'352@163.com','123456','逗逼',1),(359,'353@163.com','123456','逗逼',1),(360,'354@163.com','123456','逗逼',1),(361,'355@163.com','123456','逗逼',1),(362,'356@163.com','123456','逗逼',1),(363,'357@163.com','123456','逗逼',1),(364,'358@163.com','123456','逗逼',1),(365,'359@163.com','123456','逗逼',1),(366,'360@163.com','123456','逗逼',1),(367,'361@163.com','123456','逗逼',1),(368,'362@163.com','123456','逗逼',1),(369,'363@163.com','123456','逗逼',1),(370,'364@163.com','123456','逗逼',1),(371,'365@163.com','123456','逗逼',1),(372,'366@163.com','123456','逗逼',1),(373,'367@163.com','123456','逗逼',1),(374,'368@163.com','123456','逗逼',1),(375,'369@163.com','123456','逗逼',1),(376,'370@163.com','123456','逗逼',1),(377,'371@163.com','123456','逗逼',1),(378,'372@163.com','123456','逗逼',1),(379,'373@163.com','123456','逗逼',1),(380,'374@163.com','123456','逗逼',1),(381,'375@163.com','123456','逗逼',1),(382,'376@163.com','123456','逗逼',1),(383,'377@163.com','123456','逗逼',1),(384,'378@163.com','123456','逗逼',1),(385,'379@163.com','123456','逗逼',1),(386,'380@163.com','123456','逗逼',1),(387,'381@163.com','123456','逗逼',1),(388,'382@163.com','123456','逗逼',1),(389,'383@163.com','123456','逗逼',1),(390,'384@163.com','123456','逗逼',1),(391,'385@163.com','123456','逗逼',1),(392,'386@163.com','123456','逗逼',1),(393,'387@163.com','123456','逗逼',1),(394,'388@163.com','123456','逗逼',1),(395,'389@163.com','123456','逗逼',1),(396,'390@163.com','123456','逗逼',1),(397,'391@163.com','123456','逗逼',1),(398,'392@163.com','123456','逗逼',1),(399,'393@163.com','123456','逗逼',1),(400,'394@163.com','123456','逗逼',1),(401,'395@163.com','123456','逗逼',1),(402,'396@163.com','123456','逗逼',1),(403,'397@163.com','123456','逗逼',1),(404,'398@163.com','123456','逗逼',1),(405,'399@163.com','123456','逗逼',1),(406,'400@163.com','123456','逗逼',1),(407,'401@163.com','123456','逗逼',1),(408,'402@163.com','123456','逗逼',1),(409,'403@163.com','123456','逗逼',1),(410,'404@163.com','123456','逗逼',1),(411,'405@163.com','123456','逗逼',1),(412,'406@163.com','123456','逗逼',1),(413,'407@163.com','123456','逗逼',1),(414,'408@163.com','123456','逗逼',1),(415,'409@163.com','123456','逗逼',1),(416,'410@163.com','123456','逗逼',1),(417,'411@163.com','123456','逗逼',1),(418,'412@163.com','123456','逗逼',1),(419,'413@163.com','123456','逗逼',1),(420,'414@163.com','123456','逗逼',1),(421,'415@163.com','123456','逗逼',1),(422,'416@163.com','123456','逗逼',1),(423,'417@163.com','123456','逗逼',1),(424,'418@163.com','123456','逗逼',1),(425,'419@163.com','123456','逗逼',1),(426,'420@163.com','123456','逗逼',1),(427,'421@163.com','123456','逗逼',1),(428,'422@163.com','123456','逗逼',1),(429,'423@163.com','123456','逗逼',1),(430,'424@163.com','123456','逗逼',1),(431,'425@163.com','123456','逗逼',1),(432,'426@163.com','123456','逗逼',1),(433,'427@163.com','123456','逗逼',1),(434,'428@163.com','123456','逗逼',1),(435,'429@163.com','123456','逗逼',1),(436,'430@163.com','123456','逗逼',1),(437,'431@163.com','123456','逗逼',1),(438,'432@163.com','123456','逗逼',1),(439,'433@163.com','123456','逗逼',1),(440,'434@163.com','123456','逗逼',1),(441,'435@163.com','123456','逗逼',1),(442,'436@163.com','123456','逗逼',1),(443,'437@163.com','123456','逗逼',1),(444,'438@163.com','123456','逗逼',1),(445,'439@163.com','123456','逗逼',1),(446,'440@163.com','123456','逗逼',1),(447,'441@163.com','123456','逗逼',1),(448,'442@163.com','123456','逗逼',1),(449,'443@163.com','123456','逗逼',1),(450,'444@163.com','123456','逗逼',1),(451,'445@163.com','123456','逗逼',1),(452,'446@163.com','123456','逗逼',1),(453,'447@163.com','123456','逗逼',1),(454,'448@163.com','123456','逗逼',1),(455,'449@163.com','123456','逗逼',1),(456,'450@163.com','123456','逗逼',1),(457,'451@163.com','123456','逗逼',1),(458,'452@163.com','123456','逗逼',1),(459,'453@163.com','123456','逗逼',1),(460,'454@163.com','123456','逗逼',1),(461,'455@163.com','123456','逗逼',1),(462,'456@163.com','123456','逗逼',1),(463,'457@163.com','123456','逗逼',1),(464,'458@163.com','123456','逗逼',1),(465,'459@163.com','123456','逗逼',1),(466,'460@163.com','123456','逗逼',1),(467,'461@163.com','123456','逗逼',1),(468,'462@163.com','123456','逗逼',1),(469,'463@163.com','123456','逗逼',1),(470,'464@163.com','123456','逗逼',1),(471,'465@163.com','123456','逗逼',1),(472,'466@163.com','123456','逗逼',1),(473,'467@163.com','123456','逗逼',1),(474,'468@163.com','123456','逗逼',1),(475,'469@163.com','123456','逗逼',1),(476,'470@163.com','123456','逗逼',1),(477,'471@163.com','123456','逗逼',1),(478,'472@163.com','123456','逗逼',1),(479,'473@163.com','123456','逗逼',1),(480,'474@163.com','123456','逗逼',1),(481,'475@163.com','123456','逗逼',1),(482,'476@163.com','123456','逗逼',1),(483,'477@163.com','123456','逗逼',1),(484,'478@163.com','123456','逗逼',1),(485,'479@163.com','123456','逗逼',1),(486,'480@163.com','123456','逗逼',1),(487,'481@163.com','123456','逗逼',1),(488,'482@163.com','123456','逗逼',1),(489,'483@163.com','123456','逗逼',1),(490,'484@163.com','123456','逗逼',1),(491,'485@163.com','123456','逗逼',1),(492,'486@163.com','123456','逗逼',1),(493,'487@163.com','123456','逗逼',1),(494,'488@163.com','123456','逗逼',1),(495,'489@163.com','123456','逗逼',1),(496,'490@163.com','123456','逗逼',1),(497,'491@163.com','123456','逗逼',1),(498,'492@163.com','123456','逗逼',1),(499,'493@163.com','123456','逗逼',1),(500,'494@163.com','123456','逗逼',1),(501,'495@163.com','123456','逗逼',1),(502,'496@163.com','123456','逗逼',1),(503,'497@163.com','123456','逗逼',1),(504,'498@163.com','123456','逗逼',1),(505,'499@163.com','123456','逗逼',1),(506,'500@163.com','123456','逗逼',1),(507,'501@163.com','123456','逗逼',1),(508,'502@163.com','123456','逗逼',1),(509,'503@163.com','123456','逗逼',1),(510,'504@163.com','123456','逗逼',1),(511,'505@163.com','123456','逗逼',1),(512,'506@163.com','123456','逗逼',1),(513,'507@163.com','123456','逗逼',1),(514,'508@163.com','123456','逗逼',1),(515,'509@163.com','123456','逗逼',1),(516,'510@163.com','123456','逗逼',1),(517,'511@163.com','123456','逗逼',1),(518,'512@163.com','123456','逗逼',1),(519,'513@163.com','123456','逗逼',1),(520,'514@163.com','123456','逗逼',1),(521,'515@163.com','123456','逗逼',1),(522,'516@163.com','123456','逗逼',1),(523,'517@163.com','123456','逗逼',1),(524,'518@163.com','123456','逗逼',1),(525,'519@163.com','123456','逗逼',1),(526,'520@163.com','123456','逗逼',1),(527,'521@163.com','123456','逗逼',1),(528,'522@163.com','123456','逗逼',1),(529,'523@163.com','123456','逗逼',1),(530,'524@163.com','123456','逗逼',1),(531,'525@163.com','123456','逗逼',1),(532,'526@163.com','123456','逗逼',1),(533,'527@163.com','123456','逗逼',1),(534,'528@163.com','123456','逗逼',1),(535,'529@163.com','123456','逗逼',1),(536,'530@163.com','123456','逗逼',1),(537,'531@163.com','123456','逗逼',1),(538,'532@163.com','123456','逗逼',1),(539,'533@163.com','123456','逗逼',1),(540,'534@163.com','123456','逗逼',1),(541,'535@163.com','123456','逗逼',1),(542,'536@163.com','123456','逗逼',1),(543,'537@163.com','123456','逗逼',1),(544,'538@163.com','123456','逗逼',1),(545,'539@163.com','123456','逗逼',1),(546,'540@163.com','123456','逗逼',1),(547,'541@163.com','123456','逗逼',1),(548,'542@163.com','123456','逗逼',1),(549,'543@163.com','123456','逗逼',1),(550,'544@163.com','123456','逗逼',1),(551,'545@163.com','123456','逗逼',1),(552,'546@163.com','123456','逗逼',1),(553,'547@163.com','123456','逗逼',1),(554,'548@163.com','123456','逗逼',1),(555,'549@163.com','123456','逗逼',1),(556,'550@163.com','123456','逗逼',1),(557,'551@163.com','123456','逗逼',1),(558,'552@163.com','123456','逗逼',1),(559,'553@163.com','123456','逗逼',1),(560,'554@163.com','123456','逗逼',1),(561,'555@163.com','123456','逗逼',1),(562,'556@163.com','123456','逗逼',1),(563,'557@163.com','123456','逗逼',1),(564,'558@163.com','123456','逗逼',1),(565,'559@163.com','123456','逗逼',1),(566,'560@163.com','123456','逗逼',1),(567,'561@163.com','123456','逗逼',1),(568,'562@163.com','123456','逗逼',1),(569,'563@163.com','123456','逗逼',1),(570,'564@163.com','123456','逗逼',1),(571,'565@163.com','123456','逗逼',1),(572,'566@163.com','123456','逗逼',1),(573,'567@163.com','123456','逗逼',1),(574,'568@163.com','123456','逗逼',1),(575,'569@163.com','123456','逗逼',1),(576,'570@163.com','123456','逗逼',1),(577,'571@163.com','123456','逗逼',1),(578,'572@163.com','123456','逗逼',1),(579,'573@163.com','123456','逗逼',1),(580,'574@163.com','123456','逗逼',1),(581,'575@163.com','123456','逗逼',1),(582,'576@163.com','123456','逗逼',1),(583,'577@163.com','123456','逗逼',1),(584,'578@163.com','123456','逗逼',1),(585,'579@163.com','123456','逗逼',1),(586,'580@163.com','123456','逗逼',1),(587,'581@163.com','123456','逗逼',1),(588,'582@163.com','123456','逗逼',1),(589,'583@163.com','123456','逗逼',1),(590,'584@163.com','123456','逗逼',1),(591,'585@163.com','123456','逗逼',1),(592,'586@163.com','123456','逗逼',1),(593,'587@163.com','123456','逗逼',1),(594,'588@163.com','123456','逗逼',1),(595,'589@163.com','123456','逗逼',1),(596,'590@163.com','123456','逗逼',1),(597,'591@163.com','123456','逗逼',1),(598,'592@163.com','123456','逗逼',1),(599,'593@163.com','123456','逗逼',1),(600,'594@163.com','123456','逗逼',1),(601,'595@163.com','123456','逗逼',1),(602,'596@163.com','123456','逗逼',1),(603,'597@163.com','123456','逗逼',1),(604,'598@163.com','123456','逗逼',1),(605,'599@163.com','123456','逗逼',1),(606,'600@163.com','123456','逗逼',1),(607,'601@163.com','123456','逗逼',1),(608,'602@163.com','123456','逗逼',1),(609,'603@163.com','123456','逗逼',1),(610,'604@163.com','123456','逗逼',1),(611,'605@163.com','123456','逗逼',1),(612,'606@163.com','123456','逗逼',1),(613,'607@163.com','123456','逗逼',1),(614,'608@163.com','123456','逗逼',1),(615,'609@163.com','123456','逗逼',1),(616,'610@163.com','123456','逗逼',1),(617,'611@163.com','123456','逗逼',1),(618,'612@163.com','123456','逗逼',1),(619,'613@163.com','123456','逗逼',1),(620,'614@163.com','123456','逗逼',1),(621,'615@163.com','123456','逗逼',1),(622,'616@163.com','123456','逗逼',1),(623,'617@163.com','123456','逗逼',1),(624,'618@163.com','123456','逗逼',1),(625,'619@163.com','123456','逗逼',1),(626,'620@163.com','123456','逗逼',1),(627,'621@163.com','123456','逗逼',1),(628,'622@163.com','123456','逗逼',1),(629,'623@163.com','123456','逗逼',1),(630,'624@163.com','123456','逗逼',1),(631,'625@163.com','123456','逗逼',1),(632,'626@163.com','123456','逗逼',1),(633,'627@163.com','123456','逗逼',1),(634,'628@163.com','123456','逗逼',1),(635,'629@163.com','123456','逗逼',1),(636,'630@163.com','123456','逗逼',1),(637,'631@163.com','123456','逗逼',1),(638,'632@163.com','123456','逗逼',1),(639,'633@163.com','123456','逗逼',1),(640,'634@163.com','123456','逗逼',1),(641,'635@163.com','123456','逗逼',1),(642,'636@163.com','123456','逗逼',1),(643,'637@163.com','123456','逗逼',1),(644,'638@163.com','123456','逗逼',1),(645,'639@163.com','123456','逗逼',1),(646,'640@163.com','123456','逗逼',1),(647,'641@163.com','123456','逗逼',1),(648,'642@163.com','123456','逗逼',1),(649,'643@163.com','123456','逗逼',1),(650,'644@163.com','123456','逗逼',1),(651,'645@163.com','123456','逗逼',1),(652,'646@163.com','123456','逗逼',1),(653,'647@163.com','123456','逗逼',1),(654,'648@163.com','123456','逗逼',1),(655,'649@163.com','123456','逗逼',1),(656,'650@163.com','123456','逗逼',1),(657,'651@163.com','123456','逗逼',1),(658,'652@163.com','123456','逗逼',1),(659,'653@163.com','123456','逗逼',1),(660,'654@163.com','123456','逗逼',1),(661,'655@163.com','123456','逗逼',1),(662,'656@163.com','123456','逗逼',1),(663,'657@163.com','123456','逗逼',1),(664,'658@163.com','123456','逗逼',1),(665,'659@163.com','123456','逗逼',1),(666,'660@163.com','123456','逗逼',1),(667,'661@163.com','123456','逗逼',1),(668,'662@163.com','123456','逗逼',1),(669,'663@163.com','123456','逗逼',1),(670,'664@163.com','123456','逗逼',1),(671,'665@163.com','123456','逗逼',1),(672,'666@163.com','123456','逗逼',1),(673,'667@163.com','123456','逗逼',1),(674,'668@163.com','123456','逗逼',1),(675,'669@163.com','123456','逗逼',1),(676,'670@163.com','123456','逗逼',1),(677,'671@163.com','123456','逗逼',1),(678,'672@163.com','123456','逗逼',1),(679,'673@163.com','123456','逗逼',1),(680,'674@163.com','123456','逗逼',1),(681,'675@163.com','123456','逗逼',1),(682,'676@163.com','123456','逗逼',1),(683,'677@163.com','123456','逗逼',1),(684,'678@163.com','123456','逗逼',1),(685,'679@163.com','123456','逗逼',1),(686,'680@163.com','123456','逗逼',1),(687,'681@163.com','123456','逗逼',1),(688,'682@163.com','123456','逗逼',1),(689,'683@163.com','123456','逗逼',1),(690,'684@163.com','123456','逗逼',1),(691,'685@163.com','123456','逗逼',1),(692,'686@163.com','123456','逗逼',1),(693,'687@163.com','123456','逗逼',1),(694,'688@163.com','123456','逗逼',1),(695,'689@163.com','123456','逗逼',1),(696,'690@163.com','123456','逗逼',1),(697,'691@163.com','123456','逗逼',1),(698,'692@163.com','123456','逗逼',1),(699,'693@163.com','123456','逗逼',1),(700,'694@163.com','123456','逗逼',1),(701,'695@163.com','123456','逗逼',1),(702,'696@163.com','123456','逗逼',1),(703,'697@163.com','123456','逗逼',1),(704,'698@163.com','123456','逗逼',1),(705,'699@163.com','123456','逗逼',1),(706,'700@163.com','123456','逗逼',1),(707,'701@163.com','123456','逗逼',1),(708,'702@163.com','123456','逗逼',1),(709,'703@163.com','123456','逗逼',1),(710,'704@163.com','123456','逗逼',1),(711,'705@163.com','123456','逗逼',1),(712,'706@163.com','123456','逗逼',1),(713,'707@163.com','123456','逗逼',1),(714,'708@163.com','123456','逗逼',1),(715,'709@163.com','123456','逗逼',1),(716,'710@163.com','123456','逗逼',1),(717,'711@163.com','123456','逗逼',1),(718,'712@163.com','123456','逗逼',1),(719,'713@163.com','123456','逗逼',1),(720,'714@163.com','123456','逗逼',1),(721,'715@163.com','123456','逗逼',1),(722,'716@163.com','123456','逗逼',1),(723,'717@163.com','123456','逗逼',1),(724,'718@163.com','123456','逗逼',1),(725,'719@163.com','123456','逗逼',1),(726,'720@163.com','123456','逗逼',1),(727,'721@163.com','123456','逗逼',1),(728,'722@163.com','123456','逗逼',1),(729,'723@163.com','123456','逗逼',1),(730,'724@163.com','123456','逗逼',1),(731,'725@163.com','123456','逗逼',1),(732,'726@163.com','123456','逗逼',1),(733,'727@163.com','123456','逗逼',1),(734,'728@163.com','123456','逗逼',1),(735,'729@163.com','123456','逗逼',1),(736,'730@163.com','123456','逗逼',1),(737,'731@163.com','123456','逗逼',1),(738,'732@163.com','123456','逗逼',1),(739,'733@163.com','123456','逗逼',1),(740,'734@163.com','123456','逗逼',1),(741,'735@163.com','123456','逗逼',1),(742,'736@163.com','123456','逗逼',1),(743,'737@163.com','123456','逗逼',1),(744,'738@163.com','123456','逗逼',1),(745,'739@163.com','123456','逗逼',1),(746,'740@163.com','123456','逗逼',1),(747,'741@163.com','123456','逗逼',1),(748,'742@163.com','123456','逗逼',1),(749,'743@163.com','123456','逗逼',1),(750,'744@163.com','123456','逗逼',1),(751,'745@163.com','123456','逗逼',1),(752,'746@163.com','123456','逗逼',1),(753,'747@163.com','123456','逗逼',1),(754,'748@163.com','123456','逗逼',1),(755,'749@163.com','123456','逗逼',1),(756,'750@163.com','123456','逗逼',1),(757,'751@163.com','123456','逗逼',1),(758,'752@163.com','123456','逗逼',1),(759,'753@163.com','123456','逗逼',1),(760,'754@163.com','123456','逗逼',1),(761,'755@163.com','123456','逗逼',1),(762,'756@163.com','123456','逗逼',1),(763,'757@163.com','123456','逗逼',1),(764,'758@163.com','123456','逗逼',1),(765,'759@163.com','123456','逗逼',1),(766,'760@163.com','123456','逗逼',1),(767,'761@163.com','123456','逗逼',1),(768,'762@163.com','123456','逗逼',1),(769,'763@163.com','123456','逗逼',1),(770,'764@163.com','123456','逗逼',1),(771,'765@163.com','123456','逗逼',1),(772,'766@163.com','123456','逗逼',1),(773,'767@163.com','123456','逗逼',1),(774,'768@163.com','123456','逗逼',1),(775,'769@163.com','123456','逗逼',1),(776,'770@163.com','123456','逗逼',1),(777,'771@163.com','123456','逗逼',1),(778,'772@163.com','123456','逗逼',1),(779,'773@163.com','123456','逗逼',1),(780,'774@163.com','123456','逗逼',1),(781,'775@163.com','123456','逗逼',1),(782,'776@163.com','123456','逗逼',1),(783,'777@163.com','123456','逗逼',1),(784,'778@163.com','123456','逗逼',1),(785,'779@163.com','123456','逗逼',1),(786,'780@163.com','123456','逗逼',1),(787,'781@163.com','123456','逗逼',1),(788,'782@163.com','123456','逗逼',1),(789,'783@163.com','123456','逗逼',1),(790,'784@163.com','123456','逗逼',1),(791,'785@163.com','123456','逗逼',1),(792,'786@163.com','123456','逗逼',1),(793,'787@163.com','123456','逗逼',1),(794,'788@163.com','123456','逗逼',1),(795,'789@163.com','123456','逗逼',1),(796,'790@163.com','123456','逗逼',1),(797,'791@163.com','123456','逗逼',1),(798,'792@163.com','123456','逗逼',1),(799,'793@163.com','123456','逗逼',1),(800,'794@163.com','123456','逗逼',1),(801,'795@163.com','123456','逗逼',1),(802,'796@163.com','123456','逗逼',1),(803,'797@163.com','123456','逗逼',1),(804,'798@163.com','123456','逗逼',1),(805,'799@163.com','123456','逗逼',1),(806,'800@163.com','123456','逗逼',1),(807,'801@163.com','123456','逗逼',1),(808,'802@163.com','123456','逗逼',1),(809,'803@163.com','123456','逗逼',1),(810,'804@163.com','123456','逗逼',1),(811,'805@163.com','123456','逗逼',1),(812,'806@163.com','123456','逗逼',1),(813,'807@163.com','123456','逗逼',1),(814,'808@163.com','123456','逗逼',1),(815,'809@163.com','123456','逗逼',1),(816,'810@163.com','123456','逗逼',1),(817,'811@163.com','123456','逗逼',1),(818,'812@163.com','123456','逗逼',1),(819,'813@163.com','123456','逗逼',1),(820,'814@163.com','123456','逗逼',1),(821,'815@163.com','123456','逗逼',1),(822,'816@163.com','123456','逗逼',1),(823,'817@163.com','123456','逗逼',1),(824,'818@163.com','123456','逗逼',1),(825,'819@163.com','123456','逗逼',1),(826,'820@163.com','123456','逗逼',1),(827,'821@163.com','123456','逗逼',1),(828,'822@163.com','123456','逗逼',1),(829,'823@163.com','123456','逗逼',1),(830,'824@163.com','123456','逗逼',1),(831,'825@163.com','123456','逗逼',1),(832,'826@163.com','123456','逗逼',1),(833,'827@163.com','123456','逗逼',1),(834,'828@163.com','123456','逗逼',1),(835,'829@163.com','123456','逗逼',1),(836,'830@163.com','123456','逗逼',1),(837,'831@163.com','123456','逗逼',1),(838,'832@163.com','123456','逗逼',1),(839,'833@163.com','123456','逗逼',1),(840,'834@163.com','123456','逗逼',1),(841,'835@163.com','123456','逗逼',1),(842,'836@163.com','123456','逗逼',1),(843,'837@163.com','123456','逗逼',1),(844,'838@163.com','123456','逗逼',1),(845,'839@163.com','123456','逗逼',1),(846,'840@163.com','123456','逗逼',1),(847,'841@163.com','123456','逗逼',1),(848,'842@163.com','123456','逗逼',1),(849,'843@163.com','123456','逗逼',1),(850,'844@163.com','123456','逗逼',1),(851,'845@163.com','123456','逗逼',1),(852,'846@163.com','123456','逗逼',1),(853,'847@163.com','123456','逗逼',1),(854,'848@163.com','123456','逗逼',1),(855,'849@163.com','123456','逗逼',1),(856,'850@163.com','123456','逗逼',1),(857,'851@163.com','123456','逗逼',1),(858,'852@163.com','123456','逗逼',1),(859,'853@163.com','123456','逗逼',1),(860,'854@163.com','123456','逗逼',1),(861,'855@163.com','123456','逗逼',1),(862,'856@163.com','123456','逗逼',1),(863,'857@163.com','123456','逗逼',1),(864,'858@163.com','123456','逗逼',1),(865,'859@163.com','123456','逗逼',1),(866,'860@163.com','123456','逗逼',1),(867,'861@163.com','123456','逗逼',1),(868,'862@163.com','123456','逗逼',1),(869,'863@163.com','123456','逗逼',1),(870,'864@163.com','123456','逗逼',1),(871,'865@163.com','123456','逗逼',1),(872,'866@163.com','123456','逗逼',1),(873,'867@163.com','123456','逗逼',1),(874,'868@163.com','123456','逗逼',1),(875,'869@163.com','123456','逗逼',1),(876,'870@163.com','123456','逗逼',1),(877,'871@163.com','123456','逗逼',1),(878,'872@163.com','123456','逗逼',1),(879,'873@163.com','123456','逗逼',1),(880,'874@163.com','123456','逗逼',1),(881,'875@163.com','123456','逗逼',1),(882,'876@163.com','123456','逗逼',1),(883,'877@163.com','123456','逗逼',1),(884,'878@163.com','123456','逗逼',1),(885,'879@163.com','123456','逗逼',1),(886,'880@163.com','123456','逗逼',1),(887,'881@163.com','123456','逗逼',1),(888,'882@163.com','123456','逗逼',1),(889,'883@163.com','123456','逗逼',1),(890,'884@163.com','123456','逗逼',1),(891,'885@163.com','123456','逗逼',1),(892,'886@163.com','123456','逗逼',1),(893,'887@163.com','123456','逗逼',1),(894,'888@163.com','123456','逗逼',1),(895,'889@163.com','123456','逗逼',1),(896,'890@163.com','123456','逗逼',1),(897,'891@163.com','123456','逗逼',1),(898,'892@163.com','123456','逗逼',1),(899,'893@163.com','123456','逗逼',1),(900,'894@163.com','123456','逗逼',1),(901,'895@163.com','123456','逗逼',1),(902,'896@163.com','123456','逗逼',1),(903,'897@163.com','123456','逗逼',1),(904,'898@163.com','123456','逗逼',1),(905,'899@163.com','123456','逗逼',1),(906,'900@163.com','123456','逗逼',1),(907,'901@163.com','123456','逗逼',1),(908,'902@163.com','123456','逗逼',1),(909,'903@163.com','123456','逗逼',1),(910,'904@163.com','123456','逗逼',1),(911,'905@163.com','123456','逗逼',1),(912,'906@163.com','123456','逗逼',1),(913,'907@163.com','123456','逗逼',1),(914,'908@163.com','123456','逗逼',1),(915,'909@163.com','123456','逗逼',1),(916,'910@163.com','123456','逗逼',1),(917,'911@163.com','123456','逗逼',1),(918,'912@163.com','123456','逗逼',1),(919,'913@163.com','123456','逗逼',1),(920,'914@163.com','123456','逗逼',1),(921,'915@163.com','123456','逗逼',1),(922,'916@163.com','123456','逗逼',1),(923,'917@163.com','123456','逗逼',1),(924,'918@163.com','123456','逗逼',1),(925,'919@163.com','123456','逗逼',1),(926,'920@163.com','123456','逗逼',1),(927,'921@163.com','123456','逗逼',1),(930,'0num@163.com','123456','逗逼',1),(931,'9999num@163.com','123456','逗逼',1),(932,'19998num@163.com','123456','逗逼',1),(933,'29997num@163.com','123456','逗逼',1),(934,'39996num@163.com','123456','逗逼',1),(935,'49995num@163.com','123456','逗逼',1),(936,'59994num@163.com','123456','逗逼',1),(937,'69993num@163.com','123456','逗逼',1),(938,'79992num@163.com','123456','逗逼',1),(939,'89991num@163.com','123456','逗逼',1),(940,'99990num@163.com','123456','逗逼',1),(941,'109989num@163.com','123456','逗逼',1),(942,'119988num@163.com','123456','逗逼',1),(943,'129987num@163.com','123456','逗逼',1),(944,'139986num@163.com','123456','逗逼',1),(945,'149985num@163.com','123456','逗逼',1),(946,'159984num@163.com','123456','逗逼',1),(947,'169983num@163.com','123456','逗逼',1),(948,'179982num@163.com','123456','逗逼',1),(949,'189981num@163.com','123456','逗逼',1),(950,'199980num@163.com','123456','逗逼',1),(951,'209979num@163.com','123456','逗逼',1),(952,'219978num@163.com','123456','逗逼',1),(953,'229977num@163.com','123456','逗逼',1),(954,'239976num@163.com','123456','逗逼',1),(955,'249975num@163.com','123456','逗逼',1),(956,'259974num@163.com','123456','逗逼',1),(957,'269973num@163.com','123456','逗逼',1),(958,'279972num@163.com','123456','逗逼',1),(959,'289971num@163.com','123456','逗逼',1),(960,'299970num@163.com','123456','逗逼',1),(961,'309969num@163.com','123456','逗逼',1),(962,'319968num@163.com','123456','逗逼',1),(963,'329967num@163.com','123456','逗逼',1),(964,'339966num@163.com','123456','逗逼',1),(965,'349965num@163.com','123456','逗逼',1),(966,'359964num@163.com','123456','逗逼',1),(967,'369963num@163.com','123456','逗逼',1),(968,'379962num@163.com','123456','逗逼',1),(969,'389961num@163.com','123456','逗逼',1),(970,'399960num@163.com','123456','逗逼',1),(971,'409959num@163.com','123456','逗逼',1),(972,'419958num@163.com','123456','逗逼',1),(973,'429957num@163.com','123456','逗逼',1),(974,'439956num@163.com','123456','逗逼',1),(975,'449955num@163.com','123456','逗逼',1),(976,'459954num@163.com','123456','逗逼',1),(977,'469953num@163.com','123456','逗逼',1),(978,'479952num@163.com','123456','逗逼',1),(979,'489951num@163.com','123456','逗逼',1),(980,'499950num@163.com','123456','逗逼',1),(981,'509949num@163.com','123456','逗逼',1),(982,'519948num@163.com','123456','逗逼',1),(983,'529947num@163.com','123456','逗逼',1),(984,'539946num@163.com','123456','逗逼',1),(985,'549945num@163.com','123456','逗逼',1),(986,'559944num@163.com','123456','逗逼',1),(987,'569943num@163.com','123456','逗逼',1),(988,'579942num@163.com','123456','逗逼',1),(989,'589941num@163.com','123456','逗逼',1),(990,'599940num@163.com','123456','逗逼',1),(991,'609939num@163.com','123456','逗逼',1),(992,'619938num@163.com','123456','逗逼',1),(993,'629937num@163.com','123456','逗逼',1),(994,'639936num@163.com','123456','逗逼',1),(995,'649935num@163.com','123456','逗逼',1),(996,'659934num@163.com','123456','逗逼',1),(997,'669933num@163.com','123456','逗逼',1),(998,'679932num@163.com','123456','逗逼',1),(999,'689931num@163.com','123456','逗逼',1),(1000,'699930num@163.com','123456','逗逼',1),(1001,'709929num@163.com','123456','逗逼',1),(1002,'719928num@163.com','123456','逗逼',1),(1003,'729927num@163.com','123456','逗逼',1),(1004,'739926num@163.com','123456','逗逼',1),(1005,'749925num@163.com','123456','逗逼',1),(1006,'759924num@163.com','123456','逗逼',1),(1007,'769923num@163.com','123456','逗逼',1),(1008,'779922num@163.com','123456','逗逼',1),(1009,'789921num@163.com','123456','逗逼',1),(1010,'799920num@163.com','123456','逗逼',1),(1011,'809919num@163.com','123456','逗逼',1),(1012,'819918num@163.com','123456','逗逼',1),(1013,'829917num@163.com','123456','逗逼',1),(1014,'839916num@163.com','123456','逗逼',1),(1015,'849915num@163.com','123456','逗逼',1),(1016,'859914num@163.com','123456','逗逼',1),(1017,'869913num@163.com','123456','逗逼',1),(1018,'879912num@163.com','123456','逗逼',1),(1019,'889911num@163.com','123456','逗逼',1),(1020,'899910num@163.com','123456','逗逼',1),(1021,'909909num@163.com','123456','逗逼',1),(1022,'919908num@163.com','123456','逗逼',1),(1023,'929907num@163.com','123456','逗逼',1),(1024,'939906num@163.com','123456','逗逼',1),(1025,'949905num@163.com','123456','逗逼',1),(1026,'959904num@163.com','123456','逗逼',1),(1027,'969903num@163.com','123456','逗逼',1),(1028,'979902num@163.com','123456','逗逼',1),(1029,'989901num@163.com','123456','逗逼',1),(1030,'999900num@163.com','123456','逗逼',1),(1031,'1009899num@163.com','123456','逗逼',1),(1032,'1019898num@163.com','123456','逗逼',1),(1033,'1029897num@163.com','123456','逗逼',1),(1034,'1039896num@163.com','123456','逗逼',1),(1035,'1049895num@163.com','123456','逗逼',1),(1036,'1059894num@163.com','123456','逗逼',1),(1037,'1069893num@163.com','123456','逗逼',1),(1038,'1079892num@163.com','123456','逗逼',1),(1039,'1089891num@163.com','123456','逗逼',1),(1040,'1099890num@163.com','123456','逗逼',1),(1041,'1109889num@163.com','123456','逗逼',1),(1042,'1119888num@163.com','123456','逗逼',1),(1043,'1129887num@163.com','123456','逗逼',1),(1044,'1139886num@163.com','123456','逗逼',1),(1045,'1149885num@163.com','123456','逗逼',1),(1046,'1159884num@163.com','123456','逗逼',1),(1047,'1169883num@163.com','123456','逗逼',1),(1048,'1179882num@163.com','123456','逗逼',1),(1049,'1189881num@163.com','123456','逗逼',1),(1050,'1199880num@163.com','123456','逗逼',1),(1051,'1209879num@163.com','123456','逗逼',1),(1052,'1219878num@163.com','123456','逗逼',1),(1053,'1229877num@163.com','123456','逗逼',1),(1054,'1239876num@163.com','123456','逗逼',1),(1055,'1249875num@163.com','123456','逗逼',1),(1056,'1259874num@163.com','123456','逗逼',1),(1057,'1269873num@163.com','123456','逗逼',1),(1058,'1279872num@163.com','123456','逗逼',1),(1059,'1289871num@163.com','123456','逗逼',1),(1060,'1299870num@163.com','123456','逗逼',1),(1061,'1309869num@163.com','123456','逗逼',1),(1062,'1319868num@163.com','123456','逗逼',1),(1063,'1329867num@163.com','123456','逗逼',1),(1064,'1339866num@163.com','123456','逗逼',1),(1065,'1349865num@163.com','123456','逗逼',1),(1066,'1359864num@163.com','123456','逗逼',1),(1067,'1369863num@163.com','123456','逗逼',1),(1068,'1379862num@163.com','123456','逗逼',1),(1069,'1389861num@163.com','123456','逗逼',1),(1070,'1399860num@163.com','123456','逗逼',1),(1071,'1409859num@163.com','123456','逗逼',1),(1072,'1419858num@163.com','123456','逗逼',1),(1073,'1429857num@163.com','123456','逗逼',1),(1074,'1439856num@163.com','123456','逗逼',1),(1075,'1449855num@163.com','123456','逗逼',1),(1076,'1459854num@163.com','123456','逗逼',1),(1077,'1469853num@163.com','123456','逗逼',1),(1078,'1479852num@163.com','123456','逗逼',1),(1079,'1489851num@163.com','123456','逗逼',1),(1080,'1499850num@163.com','123456','逗逼',1),(1081,'1509849num@163.com','123456','逗逼',1),(1082,'1519848num@163.com','123456','逗逼',1),(1083,'1529847num@163.com','123456','逗逼',1),(1084,'1539846num@163.com','123456','逗逼',1),(1085,'1549845num@163.com','123456','逗逼',1),(1086,'1559844num@163.com','123456','逗逼',1),(1087,'1569843num@163.com','123456','逗逼',1),(1088,'1579842num@163.com','123456','逗逼',1),(1089,'1589841num@163.com','123456','逗逼',1),(1090,'1599840num@163.com','123456','逗逼',1),(1091,'1609839num@163.com','123456','逗逼',1),(1092,'1619838num@163.com','123456','逗逼',1),(1093,'1629837num@163.com','123456','逗逼',1),(1094,'1639836num@163.com','123456','逗逼',1),(1095,'1649835num@163.com','123456','逗逼',1),(1096,'1659834num@163.com','123456','逗逼',1),(1097,'1669833num@163.com','123456','逗逼',1),(1098,'1679832num@163.com','123456','逗逼',1),(1099,'1689831num@163.com','123456','逗逼',1),(1100,'1699830num@163.com','123456','逗逼',1),(1101,'1709829num@163.com','123456','逗逼',1),(1102,'1719828num@163.com','123456','逗逼',1),(1103,'1729827num@163.com','123456','逗逼',1),(1104,'1739826num@163.com','123456','逗逼',1),(1105,'1749825num@163.com','123456','逗逼',1),(1106,'1759824num@163.com','123456','逗逼',1),(1107,'1769823num@163.com','123456','逗逼',1),(1108,'1779822num@163.com','123456','逗逼',1),(1109,'1789821num@163.com','123456','逗逼',1),(1110,'1799820num@163.com','123456','逗逼',1),(1111,'1809819num@163.com','123456','逗逼',1),(1112,'1819818num@163.com','123456','逗逼',1),(1113,'1829817num@163.com','123456','逗逼',1),(1114,'1839816num@163.com','123456','逗逼',1),(1115,'1849815num@163.com','123456','逗逼',1),(1116,'1859814num@163.com','123456','逗逼',1),(1117,'1869813num@163.com','123456','逗逼',1),(1118,'1879812num@163.com','123456','逗逼',1),(1119,'1889811num@163.com','123456','逗逼',1),(1120,'1899810num@163.com','123456','逗逼',1),(1121,'1909809num@163.com','123456','逗逼',1),(1122,'1919808num@163.com','123456','逗逼',1),(1123,'1929807num@163.com','123456','逗逼',1),(1124,'1939806num@163.com','123456','逗逼',1),(1125,'1949805num@163.com','123456','逗逼',1),(1126,'1959804num@163.com','123456','逗逼',1),(1127,'1969803num@163.com','123456','逗逼',1),(1128,'1979802num@163.com','123456','逗逼',1),(1129,'1989801num@163.com','123456','逗逼',1),(1130,'1999800num@163.com','123456','逗逼',1),(1131,'2009799num@163.com','123456','逗逼',1),(1132,'2019798num@163.com','123456','逗逼',1),(1133,'2029797num@163.com','123456','逗逼',1),(1134,'2039796num@163.com','123456','逗逼',1),(1135,'2049795num@163.com','123456','逗逼',1),(1136,'2059794num@163.com','123456','逗逼',1),(1137,'2069793num@163.com','123456','逗逼',1),(1138,'2079792num@163.com','123456','逗逼',1),(1139,'2089791num@163.com','123456','逗逼',1),(1140,'2099790num@163.com','123456','逗逼',1),(1141,'2109789num@163.com','123456','逗逼',1),(1142,'2119788num@163.com','123456','逗逼',1),(1143,'2129787num@163.com','123456','逗逼',1),(1144,'2139786num@163.com','123456','逗逼',1),(1145,'2149785num@163.com','123456','逗逼',1),(1146,'2159784num@163.com','123456','逗逼',1),(1147,'2169783num@163.com','123456','逗逼',1),(1148,'2179782num@163.com','123456','逗逼',1),(1149,'2189781num@163.com','123456','逗逼',1),(1150,'2199780num@163.com','123456','逗逼',1),(1151,'2209779num@163.com','123456','逗逼',1),(1152,'2219778num@163.com','123456','逗逼',1),(1153,'2229777num@163.com','123456','逗逼',1),(1154,'2239776num@163.com','123456','逗逼',1),(1155,'2249775num@163.com','123456','逗逼',1),(1156,'2259774num@163.com','123456','逗逼',1),(1157,'2269773num@163.com','123456','逗逼',1),(1158,'2279772num@163.com','123456','逗逼',1),(1159,'2289771num@163.com','123456','逗逼',1),(1160,'2299770num@163.com','123456','逗逼',1),(1161,'2309769num@163.com','123456','逗逼',1),(1162,'2319768num@163.com','123456','逗逼',1),(1163,'2329767num@163.com','123456','逗逼',1),(1164,'2339766num@163.com','123456','逗逼',1),(1165,'2349765num@163.com','123456','逗逼',1),(1166,'2359764num@163.com','123456','逗逼',1),(1167,'2369763num@163.com','123456','逗逼',1),(1168,'2379762num@163.com','123456','逗逼',1),(1169,'2389761num@163.com','123456','逗逼',1),(1170,'2399760num@163.com','123456','逗逼',1),(1171,'2409759num@163.com','123456','逗逼',1),(1172,'2419758num@163.com','123456','逗逼',1),(1173,'2429757num@163.com','123456','逗逼',1),(1174,'2439756num@163.com','123456','逗逼',1),(1175,'2449755num@163.com','123456','逗逼',1),(1176,'2459754num@163.com','123456','逗逼',1),(1177,'2469753num@163.com','123456','逗逼',1),(1178,'2479752num@163.com','123456','逗逼',1),(1179,'2489751num@163.com','123456','逗逼',1),(1180,'2499750num@163.com','123456','逗逼',1),(1181,'2509749num@163.com','123456','逗逼',1),(1182,'2519748num@163.com','123456','逗逼',1),(1183,'2529747num@163.com','123456','逗逼',1),(1184,'2539746num@163.com','123456','逗逼',1),(1185,'2549745num@163.com','123456','逗逼',1),(1186,'2559744num@163.com','123456','逗逼',1),(1187,'2569743num@163.com','123456','逗逼',1),(1188,'2579742num@163.com','123456','逗逼',1),(1189,'2589741num@163.com','123456','逗逼',1),(1190,'2599740num@163.com','123456','逗逼',1),(1191,'2609739num@163.com','123456','逗逼',1),(1192,'2619738num@163.com','123456','逗逼',1),(1193,'2629737num@163.com','123456','逗逼',1),(1194,'2639736num@163.com','123456','逗逼',1),(1195,'2649735num@163.com','123456','逗逼',1),(1196,'2659734num@163.com','123456','逗逼',1),(1197,'2669733num@163.com','123456','逗逼',1),(1198,'2679732num@163.com','123456','逗逼',1),(1199,'2689731num@163.com','123456','逗逼',1),(1200,'2699730num@163.com','123456','逗逼',1),(1201,'2709729num@163.com','123456','逗逼',1),(1202,'2719728num@163.com','123456','逗逼',1),(1203,'2729727num@163.com','123456','逗逼',1),(1204,'2739726num@163.com','123456','逗逼',1),(1205,'2749725num@163.com','123456','逗逼',1),(1206,'2759724num@163.com','123456','逗逼',1),(1207,'2769723num@163.com','123456','逗逼',1),(1208,'2779722num@163.com','123456','逗逼',1),(1209,'2789721num@163.com','123456','逗逼',1),(1210,'2799720num@163.com','123456','逗逼',1),(1211,'2809719num@163.com','123456','逗逼',1),(1212,'2819718num@163.com','123456','逗逼',1),(1213,'2829717num@163.com','123456','逗逼',1),(1214,'2839716num@163.com','123456','逗逼',1),(1215,'2849715num@163.com','123456','逗逼',1),(1216,'2859714num@163.com','123456','逗逼',1),(1217,'2869713num@163.com','123456','逗逼',1),(1218,'2879712num@163.com','123456','逗逼',1),(1219,'2889711num@163.com','123456','逗逼',1),(1220,'2899710num@163.com','123456','逗逼',1),(1221,'2909709num@163.com','123456','逗逼',1),(1222,'2919708num@163.com','123456','逗逼',1),(1223,'2929707num@163.com','123456','逗逼',1),(1224,'2939706num@163.com','123456','逗逼',1),(1225,'2949705num@163.com','123456','逗逼',1),(1226,'2959704num@163.com','123456','逗逼',1),(1227,'2969703num@163.com','123456','逗逼',1),(1228,'2979702num@163.com','123456','逗逼',1),(1229,'2989701num@163.com','123456','逗逼',1),(1230,'2999700num@163.com','123456','逗逼',1),(1231,'3009699num@163.com','123456','逗逼',1),(1232,'3019698num@163.com','123456','逗逼',1),(1233,'3029697num@163.com','123456','逗逼',1),(1234,'3039696num@163.com','123456','逗逼',1),(1235,'3049695num@163.com','123456','逗逼',1),(1236,'3059694num@163.com','123456','逗逼',1),(1237,'3069693num@163.com','123456','逗逼',1),(1238,'3079692num@163.com','123456','逗逼',1),(1239,'3089691num@163.com','123456','逗逼',1),(1240,'3099690num@163.com','123456','逗逼',1),(1241,'3109689num@163.com','123456','逗逼',1),(1242,'3119688num@163.com','123456','逗逼',1),(1243,'3129687num@163.com','123456','逗逼',1),(1244,'3139686num@163.com','123456','逗逼',1),(1245,'3149685num@163.com','123456','逗逼',1),(1246,'3159684num@163.com','123456','逗逼',1),(1247,'3169683num@163.com','123456','逗逼',1),(1248,'3179682num@163.com','123456','逗逼',1),(1249,'3189681num@163.com','123456','逗逼',1),(1250,'3199680num@163.com','123456','逗逼',1),(1251,'3209679num@163.com','123456','逗逼',1),(1252,'3219678num@163.com','123456','逗逼',1),(1253,'3229677num@163.com','123456','逗逼',1),(1254,'3239676num@163.com','123456','逗逼',1),(1255,'3249675num@163.com','123456','逗逼',1),(1256,'3259674num@163.com','123456','逗逼',1),(1257,'3269673num@163.com','123456','逗逼',1),(1258,'3279672num@163.com','123456','逗逼',1),(1259,'3289671num@163.com','123456','逗逼',1),(1260,'3299670num@163.com','123456','逗逼',1),(1261,'3309669num@163.com','123456','逗逼',1),(1262,'3319668num@163.com','123456','逗逼',1),(1263,'3329667num@163.com','123456','逗逼',1),(1264,'3339666num@163.com','123456','逗逼',1),(1265,'3349665num@163.com','123456','逗逼',1),(1266,'3359664num@163.com','123456','逗逼',1),(1267,'3369663num@163.com','123456','逗逼',1),(1268,'3379662num@163.com','123456','逗逼',1),(1269,'3389661num@163.com','123456','逗逼',1),(1270,'3399660num@163.com','123456','逗逼',1),(1271,'3409659num@163.com','123456','逗逼',1),(1272,'3419658num@163.com','123456','逗逼',1),(1273,'3429657num@163.com','123456','逗逼',1),(1274,'3439656num@163.com','123456','逗逼',1),(1275,'3449655num@163.com','123456','逗逼',1),(1276,'3459654num@163.com','123456','逗逼',1),(1277,'3469653num@163.com','123456','逗逼',1),(1278,'3479652num@163.com','123456','逗逼',1),(1279,'3489651num@163.com','123456','逗逼',1),(1280,'3499650num@163.com','123456','逗逼',1),(1281,'3509649num@163.com','123456','逗逼',1),(1282,'3519648num@163.com','123456','逗逼',1),(1283,'3529647num@163.com','123456','逗逼',1),(1284,'3539646num@163.com','123456','逗逼',1),(1285,'3549645num@163.com','123456','逗逼',1),(1286,'3559644num@163.com','123456','逗逼',1),(1287,'3569643num@163.com','123456','逗逼',1),(1288,'3579642num@163.com','123456','逗逼',1),(1289,'3589641num@163.com','123456','逗逼',1),(1290,'3599640num@163.com','123456','逗逼',1),(1291,'3609639num@163.com','123456','逗逼',1),(1292,'3619638num@163.com','123456','逗逼',1),(1293,'3629637num@163.com','123456','逗逼',1),(1294,'3639636num@163.com','123456','逗逼',1),(1295,'3649635num@163.com','123456','逗逼',1),(1296,'3659634num@163.com','123456','逗逼',1),(1297,'3669633num@163.com','123456','逗逼',1),(1298,'3679632num@163.com','123456','逗逼',1),(1299,'3689631num@163.com','123456','逗逼',1),(1300,'3699630num@163.com','123456','逗逼',1),(1301,'3709629num@163.com','123456','逗逼',1),(1302,'3719628num@163.com','123456','逗逼',1),(1303,'3729627num@163.com','123456','逗逼',1),(1304,'3739626num@163.com','123456','逗逼',1),(1305,'3749625num@163.com','123456','逗逼',1),(1306,'3759624num@163.com','123456','逗逼',1),(1307,'3769623num@163.com','123456','逗逼',1),(1308,'3779622num@163.com','123456','逗逼',1),(1309,'3789621num@163.com','123456','逗逼',1),(1310,'3799620num@163.com','123456','逗逼',1),(1311,'3809619num@163.com','123456','逗逼',1),(1312,'3819618num@163.com','123456','逗逼',1),(1313,'3829617num@163.com','123456','逗逼',1),(1314,'3839616num@163.com','123456','逗逼',1),(1315,'3849615num@163.com','123456','逗逼',1),(1316,'3859614num@163.com','123456','逗逼',1),(1317,'3869613num@163.com','123456','逗逼',1),(1318,'3879612num@163.com','123456','逗逼',1),(1319,'3889611num@163.com','123456','逗逼',1),(1320,'3899610num@163.com','123456','逗逼',1),(1321,'3909609num@163.com','123456','逗逼',1),(1322,'3919608num@163.com','123456','逗逼',1),(1323,'3929607num@163.com','123456','逗逼',1),(1324,'3939606num@163.com','123456','逗逼',1),(1325,'3949605num@163.com','123456','逗逼',1),(1326,'3959604num@163.com','123456','逗逼',1),(1327,'3969603num@163.com','123456','逗逼',1),(1328,'3979602num@163.com','123456','逗逼',1),(1329,'3989601num@163.com','123456','逗逼',1),(1330,'3999600num@163.com','123456','逗逼',1),(1331,'4009599num@163.com','123456','逗逼',1),(1332,'4019598num@163.com','123456','逗逼',1),(1333,'4029597num@163.com','123456','逗逼',1),(1334,'4039596num@163.com','123456','逗逼',1),(1335,'4049595num@163.com','123456','逗逼',1),(1336,'4059594num@163.com','123456','逗逼',1),(1337,'4069593num@163.com','123456','逗逼',1),(1338,'4079592num@163.com','123456','逗逼',1),(1339,'4089591num@163.com','123456','逗逼',1),(1340,'4099590num@163.com','123456','逗逼',1),(1341,'4109589num@163.com','123456','逗逼',1),(1342,'4119588num@163.com','123456','逗逼',1),(1343,'4129587num@163.com','123456','逗逼',1),(1344,'4139586num@163.com','123456','逗逼',1),(1345,'4149585num@163.com','123456','逗逼',1),(1346,'4159584num@163.com','123456','逗逼',1),(1347,'4169583num@163.com','123456','逗逼',1),(1348,'4179582num@163.com','123456','逗逼',1),(1349,'4189581num@163.com','123456','逗逼',1),(1350,'4199580num@163.com','123456','逗逼',1),(1351,'4209579num@163.com','123456','逗逼',1),(1352,'4219578num@163.com','123456','逗逼',1),(1353,'4229577num@163.com','123456','逗逼',1),(1354,'4239576num@163.com','123456','逗逼',1),(1355,'4249575num@163.com','123456','逗逼',1),(1356,'4259574num@163.com','123456','逗逼',1),(1357,'4269573num@163.com','123456','逗逼',1),(1358,'4279572num@163.com','123456','逗逼',1),(1359,'4289571num@163.com','123456','逗逼',1),(1360,'4299570num@163.com','123456','逗逼',1),(1361,'4309569num@163.com','123456','逗逼',1),(1362,'4319568num@163.com','123456','逗逼',1),(1363,'4329567num@163.com','123456','逗逼',1),(1364,'4339566num@163.com','123456','逗逼',1),(1365,'4349565num@163.com','123456','逗逼',1),(1366,'4359564num@163.com','123456','逗逼',1),(1367,'4369563num@163.com','123456','逗逼',1),(1368,'4379562num@163.com','123456','逗逼',1),(1369,'4389561num@163.com','123456','逗逼',1),(1370,'4399560num@163.com','123456','逗逼',1),(1371,'4409559num@163.com','123456','逗逼',1),(1372,'4419558num@163.com','123456','逗逼',1),(1373,'4429557num@163.com','123456','逗逼',1),(1374,'4439556num@163.com','123456','逗逼',1),(1375,'4449555num@163.com','123456','逗逼',1),(1376,'4459554num@163.com','123456','逗逼',1),(1377,'4469553num@163.com','123456','逗逼',1),(1378,'4479552num@163.com','123456','逗逼',1),(1379,'4489551num@163.com','123456','逗逼',1),(1380,'4499550num@163.com','123456','逗逼',1),(1381,'4509549num@163.com','123456','逗逼',1),(1382,'4519548num@163.com','123456','逗逼',1),(1383,'4529547num@163.com','123456','逗逼',1),(1384,'4539546num@163.com','123456','逗逼',1),(1385,'4549545num@163.com','123456','逗逼',1),(1386,'4559544num@163.com','123456','逗逼',1),(1387,'4569543num@163.com','123456','逗逼',1),(1388,'4579542num@163.com','123456','逗逼',1),(1389,'4589541num@163.com','123456','逗逼',1),(1390,'4599540num@163.com','123456','逗逼',1),(1391,'4609539num@163.com','123456','逗逼',1),(1392,'4619538num@163.com','123456','逗逼',1),(1393,'4629537num@163.com','123456','逗逼',1),(1394,'4639536num@163.com','123456','逗逼',1),(1395,'4649535num@163.com','123456','逗逼',1),(1396,'4659534num@163.com','123456','逗逼',1),(1397,'4669533num@163.com','123456','逗逼',1),(1398,'4679532num@163.com','123456','逗逼',1),(1399,'4689531num@163.com','123456','逗逼',1),(1400,'4699530num@163.com','123456','逗逼',1),(1401,'4709529num@163.com','123456','逗逼',1),(1402,'4719528num@163.com','123456','逗逼',1),(1403,'4729527num@163.com','123456','逗逼',1),(1404,'4739526num@163.com','123456','逗逼',1),(1405,'4749525num@163.com','123456','逗逼',1),(1406,'4759524num@163.com','123456','逗逼',1),(1407,'4769523num@163.com','123456','逗逼',1),(1408,'4779522num@163.com','123456','逗逼',1),(1409,'4789521num@163.com','123456','逗逼',1),(1410,'4799520num@163.com','123456','逗逼',1),(1411,'4809519num@163.com','123456','逗逼',1),(1412,'4819518num@163.com','123456','逗逼',1),(1413,'4829517num@163.com','123456','逗逼',1),(1414,'4839516num@163.com','123456','逗逼',1),(1415,'4849515num@163.com','123456','逗逼',1),(1416,'4859514num@163.com','123456','逗逼',1),(1417,'4869513num@163.com','123456','逗逼',1),(1418,'4879512num@163.com','123456','逗逼',1),(1419,'4889511num@163.com','123456','逗逼',1),(1420,'4899510num@163.com','123456','逗逼',1),(1421,'4909509num@163.com','123456','逗逼',1),(1422,'4919508num@163.com','123456','逗逼',1),(1423,'4929507num@163.com','123456','逗逼',1),(1424,'4939506num@163.com','123456','逗逼',1),(1425,'4949505num@163.com','123456','逗逼',1),(1426,'4959504num@163.com','123456','逗逼',1),(1427,'4969503num@163.com','123456','逗逼',1),(1428,'4979502num@163.com','123456','逗逼',1),(1429,'4989501num@163.com','123456','逗逼',1),(1430,'4999500num@163.com','123456','逗逼',1),(1431,'5009499num@163.com','123456','逗逼',1),(1432,'5019498num@163.com','123456','逗逼',1),(1433,'5029497num@163.com','123456','逗逼',1),(1434,'5039496num@163.com','123456','逗逼',1),(1435,'5049495num@163.com','123456','逗逼',1),(1436,'5059494num@163.com','123456','逗逼',1),(1437,'5069493num@163.com','123456','逗逼',1),(1438,'5079492num@163.com','123456','逗逼',1),(1439,'5089491num@163.com','123456','逗逼',1),(1440,'5099490num@163.com','123456','逗逼',1),(1441,'5109489num@163.com','123456','逗逼',1),(1442,'5119488num@163.com','123456','逗逼',1),(1443,'5129487num@163.com','123456','逗逼',1),(1444,'5139486num@163.com','123456','逗逼',1),(1445,'5149485num@163.com','123456','逗逼',1),(1446,'5159484num@163.com','123456','逗逼',1),(1447,'5169483num@163.com','123456','逗逼',1),(1448,'5179482num@163.com','123456','逗逼',1),(1449,'5189481num@163.com','123456','逗逼',1),(1450,'5199480num@163.com','123456','逗逼',1),(1451,'5209479num@163.com','123456','逗逼',1),(1452,'5219478num@163.com','123456','逗逼',1),(1453,'5229477num@163.com','123456','逗逼',1),(1454,'5239476num@163.com','123456','逗逼',1),(1455,'5249475num@163.com','123456','逗逼',1),(1456,'5259474num@163.com','123456','逗逼',1),(1457,'5269473num@163.com','123456','逗逼',1),(1458,'5279472num@163.com','123456','逗逼',1),(1459,'5289471num@163.com','123456','逗逼',1),(1460,'5299470num@163.com','123456','逗逼',1),(1461,'5309469num@163.com','123456','逗逼',1),(1462,'5319468num@163.com','123456','逗逼',1),(1463,'5329467num@163.com','123456','逗逼',1),(1464,'5339466num@163.com','123456','逗逼',1),(1465,'5349465num@163.com','123456','逗逼',1),(1466,'5359464num@163.com','123456','逗逼',1),(1467,'5369463num@163.com','123456','逗逼',1),(1468,'5379462num@163.com','123456','逗逼',1),(1469,'5389461num@163.com','123456','逗逼',1),(1470,'5399460num@163.com','123456','逗逼',1),(1471,'5409459num@163.com','123456','逗逼',1),(1472,'5419458num@163.com','123456','逗逼',1),(1473,'5429457num@163.com','123456','逗逼',1),(1474,'5439456num@163.com','123456','逗逼',1),(1475,'5449455num@163.com','123456','逗逼',1),(1476,'5459454num@163.com','123456','逗逼',1),(1477,'5469453num@163.com','123456','逗逼',1),(1478,'5479452num@163.com','123456','逗逼',1),(1479,'5489451num@163.com','123456','逗逼',1),(1480,'5499450num@163.com','123456','逗逼',1),(1481,'5509449num@163.com','123456','逗逼',1),(1482,'5519448num@163.com','123456','逗逼',1),(1483,'5529447num@163.com','123456','逗逼',1),(1484,'5539446num@163.com','123456','逗逼',1),(1485,'5549445num@163.com','123456','逗逼',1),(1486,'5559444num@163.com','123456','逗逼',1),(1487,'5569443num@163.com','123456','逗逼',1),(1488,'5579442num@163.com','123456','逗逼',1),(1489,'5589441num@163.com','123456','逗逼',1),(1490,'5599440num@163.com','123456','逗逼',1),(1491,'5609439num@163.com','123456','逗逼',1),(1492,'5619438num@163.com','123456','逗逼',1),(1493,'5629437num@163.com','123456','逗逼',1),(1494,'5639436num@163.com','123456','逗逼',1),(1495,'5649435num@163.com','123456','逗逼',1),(1496,'5659434num@163.com','123456','逗逼',1),(1497,'5669433num@163.com','123456','逗逼',1),(1498,'5679432num@163.com','123456','逗逼',1),(1499,'5689431num@163.com','123456','逗逼',1),(1500,'5699430num@163.com','123456','逗逼',1),(1501,'5709429num@163.com','123456','逗逼',1),(1502,'5719428num@163.com','123456','逗逼',1),(1503,'5729427num@163.com','123456','逗逼',1),(1504,'5739426num@163.com','123456','逗逼',1),(1505,'5749425num@163.com','123456','逗逼',1),(1506,'5759424num@163.com','123456','逗逼',1),(1507,'5769423num@163.com','123456','逗逼',1),(1508,'5779422num@163.com','123456','逗逼',1),(1509,'5789421num@163.com','123456','逗逼',1),(1510,'5799420num@163.com','123456','逗逼',1),(1511,'5809419num@163.com','123456','逗逼',1),(1512,'5819418num@163.com','123456','逗逼',1),(1513,'5829417num@163.com','123456','逗逼',1),(1514,'5839416num@163.com','123456','逗逼',1),(1515,'5849415num@163.com','123456','逗逼',1),(1516,'5859414num@163.com','123456','逗逼',1),(1517,'5869413num@163.com','123456','逗逼',1),(1518,'5879412num@163.com','123456','逗逼',1),(1519,'5889411num@163.com','123456','逗逼',1),(1520,'5899410num@163.com','123456','逗逼',1),(1521,'5909409num@163.com','123456','逗逼',1),(1522,'5919408num@163.com','123456','逗逼',1),(1523,'5929407num@163.com','123456','逗逼',1),(1524,'5939406num@163.com','123456','逗逼',1),(1525,'5949405num@163.com','123456','逗逼',1),(1526,'5959404num@163.com','123456','逗逼',1),(1527,'5969403num@163.com','123456','逗逼',1),(1528,'5979402num@163.com','123456','逗逼',1),(1529,'5989401num@163.com','123456','逗逼',1),(1530,'5999400num@163.com','123456','逗逼',1),(1531,'6009399num@163.com','123456','逗逼',1),(1532,'6019398num@163.com','123456','逗逼',1),(1533,'6029397num@163.com','123456','逗逼',1),(1534,'6039396num@163.com','123456','逗逼',1),(1535,'6049395num@163.com','123456','逗逼',1),(1536,'6059394num@163.com','123456','逗逼',1),(1537,'6069393num@163.com','123456','逗逼',1),(1538,'6079392num@163.com','123456','逗逼',1),(1539,'6089391num@163.com','123456','逗逼',1),(1540,'6099390num@163.com','123456','逗逼',1),(1541,'6109389num@163.com','123456','逗逼',1),(1542,'6119388num@163.com','123456','逗逼',1),(1543,'6129387num@163.com','123456','逗逼',1),(1544,'6139386num@163.com','123456','逗逼',1),(1545,'6149385num@163.com','123456','逗逼',1),(1546,'6159384num@163.com','123456','逗逼',1),(1547,'6169383num@163.com','123456','逗逼',1),(1548,'6179382num@163.com','123456','逗逼',1),(1549,'6189381num@163.com','123456','逗逼',1),(1550,'6199380num@163.com','123456','逗逼',1),(1551,'6209379num@163.com','123456','逗逼',1),(1552,'6219378num@163.com','123456','逗逼',1),(1553,'6229377num@163.com','123456','逗逼',1),(1554,'6239376num@163.com','123456','逗逼',1),(1555,'6249375num@163.com','123456','逗逼',1),(1556,'6259374num@163.com','123456','逗逼',1),(1557,'6269373num@163.com','123456','逗逼',1),(1558,'6279372num@163.com','123456','逗逼',1),(1559,'6289371num@163.com','123456','逗逼',1),(1560,'6299370num@163.com','123456','逗逼',1),(1561,'6309369num@163.com','123456','逗逼',1),(1562,'6319368num@163.com','123456','逗逼',1),(1563,'6329367num@163.com','123456','逗逼',1),(1564,'6339366num@163.com','123456','逗逼',1),(1565,'6349365num@163.com','123456','逗逼',1),(1566,'6359364num@163.com','123456','逗逼',1),(1567,'6369363num@163.com','123456','逗逼',1),(1568,'6379362num@163.com','123456','逗逼',1),(1569,'6389361num@163.com','123456','逗逼',1),(1570,'6399360num@163.com','123456','逗逼',1),(1571,'6409359num@163.com','123456','逗逼',1),(1572,'6419358num@163.com','123456','逗逼',1),(1573,'6429357num@163.com','123456','逗逼',1),(1574,'6439356num@163.com','123456','逗逼',1),(1575,'6449355num@163.com','123456','逗逼',1),(1576,'6459354num@163.com','123456','逗逼',1),(1577,'6469353num@163.com','123456','逗逼',1),(1578,'6479352num@163.com','123456','逗逼',1),(1579,'6489351num@163.com','123456','逗逼',1),(1580,'6499350num@163.com','123456','逗逼',1),(1581,'6509349num@163.com','123456','逗逼',1),(1582,'6519348num@163.com','123456','逗逼',1),(1583,'6529347num@163.com','123456','逗逼',1),(1584,'6539346num@163.com','123456','逗逼',1),(1585,'6549345num@163.com','123456','逗逼',1),(1586,'6559344num@163.com','123456','逗逼',1),(1587,'6569343num@163.com','123456','逗逼',1),(1588,'6579342num@163.com','123456','逗逼',1),(1589,'6589341num@163.com','123456','逗逼',1),(1590,'6599340num@163.com','123456','逗逼',1),(1591,'6609339num@163.com','123456','逗逼',1),(1592,'6619338num@163.com','123456','逗逼',1),(1593,'6629337num@163.com','123456','逗逼',1),(1594,'6639336num@163.com','123456','逗逼',1),(1595,'6649335num@163.com','123456','逗逼',1),(1596,'6659334num@163.com','123456','逗逼',1),(1597,'6669333num@163.com','123456','逗逼',1),(1598,'6679332num@163.com','123456','逗逼',1),(1599,'6689331num@163.com','123456','逗逼',1),(1600,'6699330num@163.com','123456','逗逼',1),(1601,'6709329num@163.com','123456','逗逼',1),(1602,'6719328num@163.com','123456','逗逼',1),(1603,'6729327num@163.com','123456','逗逼',1),(1604,'6739326num@163.com','123456','逗逼',1),(1605,'6749325num@163.com','123456','逗逼',1),(1606,'6759324num@163.com','123456','逗逼',1),(1607,'6769323num@163.com','123456','逗逼',1),(1608,'6779322num@163.com','123456','逗逼',1),(1609,'6789321num@163.com','123456','逗逼',1),(1610,'6799320num@163.com','123456','逗逼',1),(1611,'6809319num@163.com','123456','逗逼',1),(1612,'6819318num@163.com','123456','逗逼',1),(1613,'6829317num@163.com','123456','逗逼',1),(1614,'6839316num@163.com','123456','逗逼',1),(1615,'6849315num@163.com','123456','逗逼',1),(1616,'6859314num@163.com','123456','逗逼',1),(1617,'6869313num@163.com','123456','逗逼',1),(1618,'6879312num@163.com','123456','逗逼',1),(1619,'6889311num@163.com','123456','逗逼',1),(1620,'6899310num@163.com','123456','逗逼',1),(1621,'6909309num@163.com','123456','逗逼',1),(1622,'6919308num@163.com','123456','逗逼',1),(1623,'6929307num@163.com','123456','逗逼',1),(1624,'6939306num@163.com','123456','逗逼',1),(1625,'6949305num@163.com','123456','逗逼',1),(1626,'6959304num@163.com','123456','逗逼',1),(1627,'6969303num@163.com','123456','逗逼',1),(1628,'6979302num@163.com','123456','逗逼',1),(1629,'6989301num@163.com','123456','逗逼',1),(1630,'6999300num@163.com','123456','逗逼',1),(1631,'7009299num@163.com','123456','逗逼',1),(1632,'7019298num@163.com','123456','逗逼',1),(1633,'7029297num@163.com','123456','逗逼',1),(1634,'7039296num@163.com','123456','逗逼',1),(1635,'7049295num@163.com','123456','逗逼',1),(1636,'7059294num@163.com','123456','逗逼',1),(1637,'7069293num@163.com','123456','逗逼',1),(1638,'7079292num@163.com','123456','逗逼',1),(1639,'7089291num@163.com','123456','逗逼',1),(1640,'7099290num@163.com','123456','逗逼',1),(1641,'7109289num@163.com','123456','逗逼',1),(1642,'7119288num@163.com','123456','逗逼',1),(1643,'7129287num@163.com','123456','逗逼',1),(1644,'7139286num@163.com','123456','逗逼',1),(1645,'7149285num@163.com','123456','逗逼',1),(1646,'7159284num@163.com','123456','逗逼',1),(1647,'7169283num@163.com','123456','逗逼',1),(1648,'7179282num@163.com','123456','逗逼',1),(1649,'7189281num@163.com','123456','逗逼',1),(1650,'7199280num@163.com','123456','逗逼',1),(1651,'7209279num@163.com','123456','逗逼',1),(1652,'7219278num@163.com','123456','逗逼',1),(1653,'7229277num@163.com','123456','逗逼',1),(1654,'7239276num@163.com','123456','逗逼',1),(1655,'7249275num@163.com','123456','逗逼',1),(1656,'7259274num@163.com','123456','逗逼',1),(1657,'7269273num@163.com','123456','逗逼',1),(1658,'7279272num@163.com','123456','逗逼',1),(1659,'7289271num@163.com','123456','逗逼',1),(1660,'7299270num@163.com','123456','逗逼',1),(1661,'7309269num@163.com','123456','逗逼',1),(1662,'7319268num@163.com','123456','逗逼',1),(1663,'7329267num@163.com','123456','逗逼',1),(1664,'7339266num@163.com','123456','逗逼',1),(1665,'7349265num@163.com','123456','逗逼',1),(1666,'7359264num@163.com','123456','逗逼',1),(1667,'7369263num@163.com','123456','逗逼',1),(1668,'7379262num@163.com','123456','逗逼',1),(1669,'7389261num@163.com','123456','逗逼',1),(1670,'7399260num@163.com','123456','逗逼',1),(1671,'7409259num@163.com','123456','逗逼',1),(1672,'7419258num@163.com','123456','逗逼',1),(1673,'7429257num@163.com','123456','逗逼',1),(1674,'7439256num@163.com','123456','逗逼',1),(1675,'7449255num@163.com','123456','逗逼',1),(1676,'7459254num@163.com','123456','逗逼',1),(1677,'7469253num@163.com','123456','逗逼',1),(1678,'7479252num@163.com','123456','逗逼',1),(1679,'7489251num@163.com','123456','逗逼',1),(1680,'7499250num@163.com','123456','逗逼',1),(1681,'7509249num@163.com','123456','逗逼',1),(1682,'7519248num@163.com','123456','逗逼',1),(1683,'7529247num@163.com','123456','逗逼',1),(1684,'7539246num@163.com','123456','逗逼',1),(1685,'7549245num@163.com','123456','逗逼',1),(1686,'7559244num@163.com','123456','逗逼',1),(1687,'7569243num@163.com','123456','逗逼',1),(1688,'7579242num@163.com','123456','逗逼',1),(1689,'7589241num@163.com','123456','逗逼',1),(1690,'7599240num@163.com','123456','逗逼',1),(1691,'7609239num@163.com','123456','逗逼',1),(1692,'7619238num@163.com','123456','逗逼',1),(1693,'7629237num@163.com','123456','逗逼',1),(1694,'7639236num@163.com','123456','逗逼',1),(1695,'7649235num@163.com','123456','逗逼',1),(1696,'7659234num@163.com','123456','逗逼',1),(1697,'7669233num@163.com','123456','逗逼',1),(1698,'7679232num@163.com','123456','逗逼',1),(1699,'7689231num@163.com','123456','逗逼',1),(1700,'7699230num@163.com','123456','逗逼',1),(1701,'7709229num@163.com','123456','逗逼',1),(1702,'7719228num@163.com','123456','逗逼',1),(1703,'7729227num@163.com','123456','逗逼',1),(1704,'7739226num@163.com','123456','逗逼',1),(1705,'7749225num@163.com','123456','逗逼',1),(1706,'7759224num@163.com','123456','逗逼',1),(1707,'7769223num@163.com','123456','逗逼',1),(1708,'7779222num@163.com','123456','逗逼',1),(1709,'7789221num@163.com','123456','逗逼',1),(1710,'7799220num@163.com','123456','逗逼',1),(1711,'7809219num@163.com','123456','逗逼',1),(1712,'7819218num@163.com','123456','逗逼',1),(1713,'7829217num@163.com','123456','逗逼',1),(1714,'7839216num@163.com','123456','逗逼',1),(1715,'7849215num@163.com','123456','逗逼',1),(1716,'7859214num@163.com','123456','逗逼',1),(1717,'7869213num@163.com','123456','逗逼',1),(1718,'7879212num@163.com','123456','逗逼',1),(1719,'7889211num@163.com','123456','逗逼',1),(1720,'7899210num@163.com','123456','逗逼',1),(1721,'7909209num@163.com','123456','逗逼',1),(1722,'7919208num@163.com','123456','逗逼',1),(1723,'7929207num@163.com','123456','逗逼',1),(1724,'7939206num@163.com','123456','逗逼',1),(1725,'7949205num@163.com','123456','逗逼',1),(1726,'7959204num@163.com','123456','逗逼',1),(1727,'7969203num@163.com','123456','逗逼',1),(1728,'7979202num@163.com','123456','逗逼',1),(1729,'7989201num@163.com','123456','逗逼',1),(1730,'7999200num@163.com','123456','逗逼',1),(1731,'8009199num@163.com','123456','逗逼',1),(1732,'8019198num@163.com','123456','逗逼',1),(1733,'8029197num@163.com','123456','逗逼',1),(1734,'8039196num@163.com','123456','逗逼',1),(1735,'8049195num@163.com','123456','逗逼',1),(1736,'8059194num@163.com','123456','逗逼',1),(1737,'8069193num@163.com','123456','逗逼',1),(1738,'8079192num@163.com','123456','逗逼',1),(1739,'8089191num@163.com','123456','逗逼',1),(1740,'8099190num@163.com','123456','逗逼',1),(1741,'8109189num@163.com','123456','逗逼',1),(1742,'8119188num@163.com','123456','逗逼',1),(1743,'8129187num@163.com','123456','逗逼',1),(1744,'8139186num@163.com','123456','逗逼',1),(1745,'8149185num@163.com','123456','逗逼',1),(1746,'8159184num@163.com','123456','逗逼',1),(1747,'8169183num@163.com','123456','逗逼',1),(1748,'8179182num@163.com','123456','逗逼',1),(1749,'8189181num@163.com','123456','逗逼',1),(1750,'8199180num@163.com','123456','逗逼',1),(1751,'8209179num@163.com','123456','逗逼',1),(1752,'8219178num@163.com','123456','逗逼',1),(1753,'8229177num@163.com','123456','逗逼',1),(1754,'8239176num@163.com','123456','逗逼',1),(1755,'8249175num@163.com','123456','逗逼',1),(1756,'8259174num@163.com','123456','逗逼',1),(1757,'8269173num@163.com','123456','逗逼',1),(1758,'8279172num@163.com','123456','逗逼',1),(1759,'8289171num@163.com','123456','逗逼',1),(1760,'8299170num@163.com','123456','逗逼',1),(1761,'8309169num@163.com','123456','逗逼',1),(1762,'8319168num@163.com','123456','逗逼',1),(1763,'8329167num@163.com','123456','逗逼',1),(1764,'8339166num@163.com','123456','逗逼',1),(1765,'8349165num@163.com','123456','逗逼',1),(1766,'8359164num@163.com','123456','逗逼',1),(1767,'8369163num@163.com','123456','逗逼',1),(1768,'8379162num@163.com','123456','逗逼',1),(1769,'8389161num@163.com','123456','逗逼',1),(1770,'8399160num@163.com','123456','逗逼',1),(1771,'8409159num@163.com','123456','逗逼',1),(1772,'8419158num@163.com','123456','逗逼',1),(1773,'8429157num@163.com','123456','逗逼',1),(1774,'8439156num@163.com','123456','逗逼',1),(1775,'8449155num@163.com','123456','逗逼',1),(1776,'8459154num@163.com','123456','逗逼',1),(1777,'8469153num@163.com','123456','逗逼',1),(1778,'8479152num@163.com','123456','逗逼',1),(1779,'8489151num@163.com','123456','逗逼',1),(1780,'8499150num@163.com','123456','逗逼',1),(1781,'8509149num@163.com','123456','逗逼',1),(1782,'8519148num@163.com','123456','逗逼',1),(1783,'8529147num@163.com','123456','逗逼',1),(1784,'8539146num@163.com','123456','逗逼',1),(1785,'8549145num@163.com','123456','逗逼',1),(1786,'8559144num@163.com','123456','逗逼',1),(1787,'8569143num@163.com','123456','逗逼',1),(1788,'8579142num@163.com','123456','逗逼',1),(1789,'8589141num@163.com','123456','逗逼',1),(1790,'8599140num@163.com','123456','逗逼',1),(1791,'8609139num@163.com','123456','逗逼',1),(1792,'8619138num@163.com','123456','逗逼',1),(1793,'8629137num@163.com','123456','逗逼',1),(1794,'8639136num@163.com','123456','逗逼',1),(1795,'8649135num@163.com','123456','逗逼',1),(1796,'8659134num@163.com','123456','逗逼',1),(1797,'8669133num@163.com','123456','逗逼',1),(1798,'8679132num@163.com','123456','逗逼',1),(1799,'8689131num@163.com','123456','逗逼',1),(1800,'8699130num@163.com','123456','逗逼',1),(1801,'8709129num@163.com','123456','逗逼',1),(1802,'8719128num@163.com','123456','逗逼',1),(1803,'8729127num@163.com','123456','逗逼',1),(1804,'8739126num@163.com','123456','逗逼',1),(1805,'8749125num@163.com','123456','逗逼',1),(1806,'8759124num@163.com','123456','逗逼',1),(1807,'8769123num@163.com','123456','逗逼',1),(1808,'8779122num@163.com','123456','逗逼',1),(1809,'8789121num@163.com','123456','逗逼',1),(1810,'8799120num@163.com','123456','逗逼',1),(1811,'8809119num@163.com','123456','逗逼',1),(1812,'8819118num@163.com','123456','逗逼',1),(1813,'8829117num@163.com','123456','逗逼',1),(1814,'8839116num@163.com','123456','逗逼',1),(1815,'8849115num@163.com','123456','逗逼',1),(1816,'8859114num@163.com','123456','逗逼',1),(1817,'8869113num@163.com','123456','逗逼',1),(1818,'8879112num@163.com','123456','逗逼',1),(1819,'8889111num@163.com','123456','逗逼',1),(1820,'8899110num@163.com','123456','逗逼',1),(1821,'8909109num@163.com','123456','逗逼',1),(1822,'8919108num@163.com','123456','逗逼',1),(1823,'8929107num@163.com','123456','逗逼',1),(1824,'8939106num@163.com','123456','逗逼',1),(1825,'8949105num@163.com','123456','逗逼',1),(1826,'8959104num@163.com','123456','逗逼',1),(1827,'8969103num@163.com','123456','逗逼',1),(1828,'8979102num@163.com','123456','逗逼',1),(1829,'8989101num@163.com','123456','逗逼',1),(1830,'8999100num@163.com','123456','逗逼',1),(1831,'9009099num@163.com','123456','逗逼',1),(1832,'9019098num@163.com','123456','逗逼',1),(1833,'9029097num@163.com','123456','逗逼',1),(1834,'9039096num@163.com','123456','逗逼',1),(1835,'9049095num@163.com','123456','逗逼',1),(1836,'9059094num@163.com','123456','逗逼',1),(1837,'9069093num@163.com','123456','逗逼',1),(1838,'9079092num@163.com','123456','逗逼',1),(1839,'9089091num@163.com','123456','逗逼',1),(1840,'9099090num@163.com','123456','逗逼',1),(1841,'9109089num@163.com','123456','逗逼',1),(1842,'9119088num@163.com','123456','逗逼',1),(1843,'9129087num@163.com','123456','逗逼',1),(1844,'9139086num@163.com','123456','逗逼',1),(1845,'9149085num@163.com','123456','逗逼',1),(1846,'9159084num@163.com','123456','逗逼',1),(1847,'9169083num@163.com','123456','逗逼',1),(1848,'9179082num@163.com','123456','逗逼',1),(1849,'9189081num@163.com','123456','逗逼',1),(1850,'9199080num@163.com','123456','逗逼',1),(1851,'9209079num@163.com','123456','逗逼',1),(1852,'9219078num@163.com','123456','逗逼',1),(1853,'9229077num@163.com','123456','逗逼',1),(1854,'9239076num@163.com','123456','逗逼',1),(1855,'9249075num@163.com','123456','逗逼',1),(1856,'9259074num@163.com','123456','逗逼',1),(1857,'9269073num@163.com','123456','逗逼',1),(1858,'9279072num@163.com','123456','逗逼',1),(1859,'9289071num@163.com','123456','逗逼',1),(1860,'9299070num@163.com','123456','逗逼',1),(1861,'9309069num@163.com','123456','逗逼',1),(1862,'9319068num@163.com','123456','逗逼',1),(1863,'9329067num@163.com','123456','逗逼',1),(1864,'9339066num@163.com','123456','逗逼',1),(1865,'9349065num@163.com','123456','逗逼',1),(1866,'9359064num@163.com','123456','逗逼',1),(1867,'9369063num@163.com','123456','逗逼',1),(1868,'9379062num@163.com','123456','逗逼',1),(1869,'9389061num@163.com','123456','逗逼',1),(1870,'9399060num@163.com','123456','逗逼',1),(1871,'9409059num@163.com','123456','逗逼',1),(1872,'9419058num@163.com','123456','逗逼',1),(1873,'9429057num@163.com','123456','逗逼',1),(1874,'9439056num@163.com','123456','逗逼',1),(1875,'9449055num@163.com','123456','逗逼',1),(1876,'9459054num@163.com','123456','逗逼',1),(1877,'9469053num@163.com','123456','逗逼',1),(1878,'9479052num@163.com','123456','逗逼',1),(1879,'9489051num@163.com','123456','逗逼',1),(1880,'9499050num@163.com','123456','逗逼',1),(1881,'9509049num@163.com','123456','逗逼',1),(1882,'9519048num@163.com','123456','逗逼',1),(1883,'9529047num@163.com','123456','逗逼',1),(1884,'9539046num@163.com','123456','逗逼',1),(1885,'9549045num@163.com','123456','逗逼',1),(1886,'9559044num@163.com','123456','逗逼',1),(1887,'9569043num@163.com','123456','逗逼',1),(1888,'9579042num@163.com','123456','逗逼',1),(1889,'9589041num@163.com','123456','逗逼',1),(1890,'9599040num@163.com','123456','逗逼',1),(1891,'9609039num@163.com','123456','逗逼',1),(1892,'9619038num@163.com','123456','逗逼',1),(1893,'9629037num@163.com','123456','逗逼',1),(1894,'9639036num@163.com','123456','逗逼',1),(1895,'9649035num@163.com','123456','逗逼',1),(1896,'9659034num@163.com','123456','逗逼',1),(1897,'9669033num@163.com','123456','逗逼',1),(1898,'9679032num@163.com','123456','逗逼',1),(1899,'9689031num@163.com','123456','逗逼',1),(1900,'9699030num@163.com','123456','逗逼',1),(1901,'9709029num@163.com','123456','逗逼',1),(1902,'9719028num@163.com','123456','逗逼',1),(1903,'9729027num@163.com','123456','逗逼',1),(1904,'9739026num@163.com','123456','逗逼',1),(1905,'9749025num@163.com','123456','逗逼',1),(1906,'9759024num@163.com','123456','逗逼',1),(1907,'9769023num@163.com','123456','逗逼',1),(1908,'9779022num@163.com','123456','逗逼',1),(1909,'9789021num@163.com','123456','逗逼',1),(1910,'9799020num@163.com','123456','逗逼',1),(1911,'9809019num@163.com','123456','逗逼',1),(1912,'9819018num@163.com','123456','逗逼',1),(1913,'9829017num@163.com','123456','逗逼',1),(1914,'9839016num@163.com','123456','逗逼',1),(1915,'9849015num@163.com','123456','逗逼',1),(1916,'9859014num@163.com','123456','逗逼',1),(1917,'9869013num@163.com','123456','逗逼',1),(1918,'9879012num@163.com','123456','逗逼',1),(1919,'9889011num@163.com','123456','逗逼',1),(1920,'9899010num@163.com','123456','逗逼',1),(1921,'9909009num@163.com','123456','逗逼',1),(1922,'9919008num@163.com','123456','逗逼',1),(1923,'9929007num@163.com','123456','逗逼',1),(1924,'9939006num@163.com','123456','逗逼',1),(1925,'9949005num@163.com','123456','逗逼',1),(1926,'9959004num@163.com','123456','逗逼',1),(1927,'9969003num@163.com','123456','逗逼',1),(1928,'9979002num@163.com','123456','逗逼',1),(1929,'9989001num@163.com','123456','逗逼',1),(1930,'9999000num@163.com','123456','逗逼',1),(1931,'10008999num@163.com','123456','逗逼',1),(1932,'10018998num@163.com','123456','逗逼',1),(1933,'10028997num@163.com','123456','逗逼',1),(1934,'10038996num@163.com','123456','逗逼',1),(1935,'10048995num@163.com','123456','逗逼',1),(1936,'10058994num@163.com','123456','逗逼',1),(1937,'10068993num@163.com','123456','逗逼',1),(1938,'10078992num@163.com','123456','逗逼',1),(1939,'10088991num@163.com','123456','逗逼',1),(1940,'10098990num@163.com','123456','逗逼',1),(1941,'10108989num@163.com','123456','逗逼',1),(1942,'10118988num@163.com','123456','逗逼',1),(1943,'10128987num@163.com','123456','逗逼',1),(1944,'10138986num@163.com','123456','逗逼',1),(1945,'10148985num@163.com','123456','逗逼',1),(1946,'10158984num@163.com','123456','逗逼',1),(1947,'10168983num@163.com','123456','逗逼',1),(1948,'10178982num@163.com','123456','逗逼',1),(1949,'10188981num@163.com','123456','逗逼',1),(1950,'10198980num@163.com','123456','逗逼',1),(1951,'10208979num@163.com','123456','逗逼',1),(1952,'10218978num@163.com','123456','逗逼',1),(1953,'10228977num@163.com','123456','逗逼',1),(1954,'10238976num@163.com','123456','逗逼',1),(1955,'10248975num@163.com','123456','逗逼',1),(1956,'10258974num@163.com','123456','逗逼',1),(1957,'10268973num@163.com','123456','逗逼',1),(1958,'10278972num@163.com','123456','逗逼',1),(1959,'10288971num@163.com','123456','逗逼',1),(1960,'10298970num@163.com','123456','逗逼',1),(1961,'10308969num@163.com','123456','逗逼',1),(1962,'10318968num@163.com','123456','逗逼',1),(1963,'10328967num@163.com','123456','逗逼',1),(1964,'10338966num@163.com','123456','逗逼',1),(1965,'10348965num@163.com','123456','逗逼',1),(1966,'10358964num@163.com','123456','逗逼',1),(1967,'10368963num@163.com','123456','逗逼',1),(1968,'10378962num@163.com','123456','逗逼',1),(1969,'10388961num@163.com','123456','逗逼',1),(1970,'10398960num@163.com','123456','逗逼',1),(1971,'10408959num@163.com','123456','逗逼',1),(1972,'10418958num@163.com','123456','逗逼',1),(1973,'10428957num@163.com','123456','逗逼',1),(1974,'10438956num@163.com','123456','逗逼',1),(1975,'10448955num@163.com','123456','逗逼',1),(1976,'10458954num@163.com','123456','逗逼',1),(1977,'10468953num@163.com','123456','逗逼',1),(1978,'10478952num@163.com','123456','逗逼',1),(1979,'10488951num@163.com','123456','逗逼',1),(1980,'10498950num@163.com','123456','逗逼',1),(1981,'10508949num@163.com','123456','逗逼',1),(1982,'10518948num@163.com','123456','逗逼',1),(1983,'10528947num@163.com','123456','逗逼',1),(1984,'10538946num@163.com','123456','逗逼',1),(1985,'10548945num@163.com','123456','逗逼',1),(1986,'10558944num@163.com','123456','逗逼',1),(1987,'10568943num@163.com','123456','逗逼',1),(1988,'10578942num@163.com','123456','逗逼',1),(1989,'10588941num@163.com','123456','逗逼',1),(1990,'10598940num@163.com','123456','逗逼',1),(1991,'10608939num@163.com','123456','逗逼',1),(1992,'10618938num@163.com','123456','逗逼',1),(1993,'10628937num@163.com','123456','逗逼',1),(1994,'10638936num@163.com','123456','逗逼',1),(1995,'10648935num@163.com','123456','逗逼',1),(1996,'10658934num@163.com','123456','逗逼',1),(1997,'10668933num@163.com','123456','逗逼',1),(1998,'10678932num@163.com','123456','逗逼',1),(1999,'10688931num@163.com','123456','逗逼',1),(2000,'10698930num@163.com','123456','逗逼',1),(2001,'10708929num@163.com','123456','逗逼',1),(2002,'10718928num@163.com','123456','逗逼',1),(2003,'10728927num@163.com','123456','逗逼',1),(2004,'10738926num@163.com','123456','逗逼',1),(2005,'10748925num@163.com','123456','逗逼',1),(2006,'10758924num@163.com','123456','逗逼',1),(2007,'10768923num@163.com','123456','逗逼',1),(2008,'10778922num@163.com','123456','逗逼',1),(2009,'10788921num@163.com','123456','逗逼',1),(2010,'10798920num@163.com','123456','逗逼',1),(2011,'10808919num@163.com','123456','逗逼',1),(2012,'10818918num@163.com','123456','逗逼',1),(2013,'10828917num@163.com','123456','逗逼',1),(2014,'10838916num@163.com','123456','逗逼',1),(2015,'10848915num@163.com','123456','逗逼',1),(2016,'10858914num@163.com','123456','逗逼',1),(2017,'10868913num@163.com','123456','逗逼',1),(2018,'10878912num@163.com','123456','逗逼',1),(2019,'10888911num@163.com','123456','逗逼',1),(2020,'10898910num@163.com','123456','逗逼',1),(2021,'10908909num@163.com','123456','逗逼',1),(2022,'10918908num@163.com','123456','逗逼',1),(2023,'10928907num@163.com','123456','逗逼',1),(2024,'10938906num@163.com','123456','逗逼',1),(2025,'10948905num@163.com','123456','逗逼',1),(2026,'10958904num@163.com','123456','逗逼',1),(2027,'10968903num@163.com','123456','逗逼',1),(2028,'10978902num@163.com','123456','逗逼',1),(2029,'10988901num@163.com','123456','逗逼',1),(2030,'10998900num@163.com','123456','逗逼',1),(2031,'11008899num@163.com','123456','逗逼',1),(2032,'11018898num@163.com','123456','逗逼',1),(2033,'11028897num@163.com','123456','逗逼',1),(2034,'11038896num@163.com','123456','逗逼',1),(2035,'11048895num@163.com','123456','逗逼',1),(2036,'11058894num@163.com','123456','逗逼',1),(2037,'11068893num@163.com','123456','逗逼',1),(2038,'11078892num@163.com','123456','逗逼',1),(2039,'11088891num@163.com','123456','逗逼',1),(2040,'1231231','123123123','123123',0),(2041,'zcp@zcp.com','zcp','周昌朋',1),(2042,'test@test.com','test','test',0),(2043,'testStudent@test.com','test','testStudent',1),(2044,'yyt@yyt110.com','123','yyt',0),(2045,'caoyirong@110.com','123456','曹煞笔',0);

/*Table structure for table `tbl_student_studenttestinfo` */

DROP TABLE IF EXISTS `tbl_student_studenttestinfo`;

CREATE TABLE `tbl_student_studenttestinfo` (
  `relationID` int(15) unsigned NOT NULL AUTO_INCREMENT,
  `relationTime` datetime NOT NULL,
  `studentID` int(15) NOT NULL,
  `studentTestInfoID` int(15) NOT NULL,
  PRIMARY KEY (`relationID`)
) ENGINE=InnoDB DEFAULT CHARSET=utf8;

/*Data for the table `tbl_student_studenttestinfo` */

/*Table structure for table `tbl_student_teacher` */

DROP TABLE IF EXISTS `tbl_student_teacher`;

CREATE TABLE `tbl_student_teacher` (
  `studentID` int(15) NOT NULL,
  `teacherID` int(15) NOT NULL,
  `relationDate` datetime DEFAULT NULL,
  `relationState` tinyint(1) NOT NULL,
  `relationID` int(15) unsigned NOT NULL AUTO_INCREMENT,
  PRIMARY KEY (`relationID`)
) ENGINE=InnoDB AUTO_INCREMENT=57 DEFAULT CHARSET=utf8;

/*Data for the table `tbl_student_teacher` */

insert  into `tbl_student_teacher`(`studentID`,`teacherID`,`relationDate`,`relationState`,`relationID`) values (0,0,'2016-04-11 23:27:23',1,1),(1,1,'2016-04-10 00:00:00',1,2),(1003,1,'2016-04-10 00:00:00',0,3),(1,1,NULL,1,5),(1,1,NULL,1,6),(1,1,NULL,1,7),(1,4,'2016-04-11 00:00:00',0,15),(1,4,'2016-04-11 00:00:00',0,16),(1,4,'2016-04-11 00:00:00',0,17),(2041,5,'2016-04-11 00:00:00',0,18),(2041,5,'2016-04-11 00:00:00',0,19),(1,1,'2016-04-12 00:00:00',0,20),(1,2,'2016-04-12 00:00:00',0,21),(1,3,'2016-04-12 00:00:00',0,22),(1,4,'2016-04-12 00:00:00',0,23),(1,5,'2016-04-12 00:00:00',0,24),(1,6,'2016-04-12 00:00:00',0,25),(2042,1,'2016-04-12 00:00:00',0,26),(2042,2,'2016-04-12 00:00:00',0,27),(2042,3,'2016-04-12 00:00:00',0,28),(2042,4,'2016-04-12 00:00:00',0,29),(2042,5,'2016-04-12 00:00:00',0,30),(2042,6,'2016-04-12 00:00:00',0,31),(2042,1,'2016-04-12 00:00:00',0,32),(2042,2,'2016-04-12 00:00:00',0,33),(2042,3,'2016-04-12 00:00:00',0,34),(2042,4,'2016-04-12 00:00:00',0,35),(2042,5,'2016-04-12 00:00:00',0,36),(2042,6,'2016-04-12 00:00:00',0,37),(1,1,'2016-04-12 00:00:00',0,38),(1,2,'2016-04-12 00:00:00',0,39),(1,3,'2016-04-12 00:00:00',0,40),(1,4,'2016-04-12 00:00:00',0,41),(1,5,'2016-04-12 00:00:00',0,42),(1,6,'2016-04-12 00:00:00',0,43),(2043,7,'2016-04-12 00:00:00',1,44),(1,7,'2016-04-12 00:00:00',1,45),(1,8,'2016-04-12 00:00:00',0,46),(1,7,'2016-04-12 00:00:00',1,47),(1,7,'2016-04-12 00:00:00',1,48),(2044,8,'2016-04-17 00:00:00',0,49),(2044,9,'2016-04-17 00:00:00',0,50),(2044,6,'2016-04-17 00:00:00',0,51),(2044,4,'2016-04-17 00:00:00',0,52),(2042,9,'2016-04-20 00:00:00',0,53),(2042,7,'2016-04-20 00:00:00',1,54),(2045,4,'2016-04-20 00:00:00',0,55),(2045,7,'2016-04-20 00:00:00',0,56);

/*Table structure for table `tbl_studenttestinfo` */

DROP TABLE IF EXISTS `tbl_studenttestinfo`;

CREATE TABLE `tbl_studenttestinfo` (
  `studentTestInfoID` int(15) unsigned NOT NULL AUTO_INCREMENT,
  `studentTestDate` datetime NOT NULL,
  `studentTestResult` int(5) NOT NULL,
  `studentTestCheckState` tinyint(1) NOT NULL DEFAULT '0',
  PRIMARY KEY (`studentTestInfoID`)
) ENGINE=InnoDB DEFAULT CHARSET=utf8;

/*Data for the table `tbl_studenttestinfo` */

/*Table structure for table `tbl_studenttestinfo_teacherquestionspace` */

DROP TABLE IF EXISTS `tbl_studenttestinfo_teacherquestionspace`;

CREATE TABLE `tbl_studenttestinfo_teacherquestionspace` (
  `relationID` int(15) unsigned NOT NULL AUTO_INCREMENT,
  `relationTime` datetime DEFAULT NULL,
  `studentTestInfoID` int(15) DEFAULT NULL,
  `teacherQuestionSpaceID` int(15) DEFAULT NULL,
  PRIMARY KEY (`relationID`)
) ENGINE=InnoDB DEFAULT CHARSET=utf8;

/*Data for the table `tbl_studenttestinfo_teacherquestionspace` */

/*Table structure for table `tbl_subjectquestion` */

DROP TABLE IF EXISTS `tbl_subjectquestion`;

CREATE TABLE `tbl_subjectquestion` (
  `questionID` int(15) unsigned NOT NULL AUTO_INCREMENT,
  `questionContent` varchar(300) NOT NULL,
  PRIMARY KEY (`questionID`)
) ENGINE=InnoDB DEFAULT CHARSET=utf8;

/*Data for the table `tbl_subjectquestion` */

/*Table structure for table `tbl_teacher` */

DROP TABLE IF EXISTS `tbl_teacher`;

CREATE TABLE `tbl_teacher` (
  `teacherID` int(15) unsigned NOT NULL AUTO_INCREMENT,
  `teacherEmail` varchar(50) NOT NULL,
  `teacherPassword` varchar(50) NOT NULL,
  `teacherName` varchar(50) DEFAULT NULL,
  `teacherGender` tinyint(1) DEFAULT NULL,
  `teacherPhone` varchar(25) DEFAULT NULL,
  PRIMARY KEY (`teacherID`),
  UNIQUE KEY `teacherEmail` (`teacherEmail`)
) ENGINE=InnoDB AUTO_INCREMENT=11 DEFAULT CHARSET=utf8;

/*Data for the table `tbl_teacher` */

insert  into `tbl_teacher`(`teacherID`,`teacherEmail`,`teacherPassword`,`teacherName`,`teacherGender`,`teacherPhone`) values (1,'20142152','123456','12312312',0,'12313321'),(2,'adsfdas','asdfdsafa','123123',0,'fsadfdsaf'),(3,'1223@123.com','a234234','王尼玛',1,'3424'),(4,'zcp@1110.com','123','天王',0,'12342141'),(5,'xjp@xjp.com','xjp','洗净平',0,'123213132'),(6,'jzm@jzm.com','jzm','江泽民',1,'123'),(7,'testTeacher@test.com','test','testTeacher',0,'123'),(8,'test2@test.com','test','特殊t',0,'123123'),(9,'zcp@zcp110.com','123','zcp',0,'123'),(10,'11@110.com','123','111111',1,'110');

/*Table structure for table `tbl_teacherquestionspace` */

DROP TABLE IF EXISTS `tbl_teacherquestionspace`;

CREATE TABLE `tbl_teacherquestionspace` (
  `id` int(15) unsigned NOT NULL AUTO_INCREMENT,
  `type` varchar(50) NOT NULL,
  `name` varchar(50) NOT NULL,
  `beginTime` datetime NOT NULL,
  `endTime` datetime NOT NULL,
  `teacherID` int(15) unsigned NOT NULL,
  PRIMARY KEY (`id`)
) ENGINE=InnoDB AUTO_INCREMENT=9 DEFAULT CHARSET=utf8;

/*Data for the table `tbl_teacherquestionspace` */

insert  into `tbl_teacherquestionspace`(`id`,`type`,`name`,`beginTime`,`endTime`,`teacherID`) values (3,'C++','妈的','2016-06-01 00:00:00','2016-06-01 00:00:00',7),(4,'我的','ss','2016-06-10 13:30:00','2016-06-10 13:35:00',5),(5,'Java','妈的as','2016-06-01 13:00:00','2016-06-01 13:00:03',7),(6,'Java','值啊行','2016-06-01 13:00:00','2016-06-01 13:00:03',7),(7,'计算机组成原理','我炸了','2016-06-01 13:00:00','2016-06-01 13:00:03',7),(8,'C++','妈的','2016-06-01 13:00:00','2016-06-01 13:00:00',10);

/*Table structure for table `tbl_teacherquestionspace_subjectquestion` */

DROP TABLE IF EXISTS `tbl_teacherquestionspace_subjectquestion`;

CREATE TABLE `tbl_teacherquestionspace_subjectquestion` (
  `questionSpaceID` int(15) NOT NULL,
  `subjectQuestionID` int(15) NOT NULL,
  `relationID` int(15) unsigned NOT NULL AUTO_INCREMENT,
  `relationTime` datetime DEFAULT NULL,
  PRIMARY KEY (`relationID`)
) ENGINE=InnoDB DEFAULT CHARSET=utf8;

/*Data for the table `tbl_teacherquestionspace_subjectquestion` */

/*!40101 SET SQL_MODE=@OLD_SQL_MODE */;
/*!40014 SET FOREIGN_KEY_CHECKS=@OLD_FOREIGN_KEY_CHECKS */;
/*!40014 SET UNIQUE_CHECKS=@OLD_UNIQUE_CHECKS */;
/*!40111 SET SQL_NOTES=@OLD_SQL_NOTES */;
